Number,Magnitude,Magnitude error,R_e,R_e error (arcsec),Redshift,Paper,Band,R_e (Unit),Magnitude Type
1,26.77,,0.167,,7,G12,J,arcsec,Apparent
2,27.07,,0.187,,7,G12,J,arcsec,Apparent
3,26.48,,0.258,,7,G12,J,arcsec,Apparent
4,27.33,,0.175,,7,G12,J,arcsec,Apparent
5,26.50,,0.116,,7,G12,J,arcsec,Apparent
6,26.99,,0.140,,7,G12,J,arcsec,Apparent
7,27.67,,0.199,,7,G12,J,arcsec,Apparent
8,27.15,,0.264,,7,G12,J,arcsec,Apparent
9,26.66,,0.204,,7,G12,J,arcsec,Apparent
10,26.54,,0.161,,7,G12,J,arcsec,Apparent
11,27.64,,0.131,,7,G12,J,arcsec,Apparent
12,26.17,,0.321,,7,G12,J,arcsec,Apparent
13,27.64,,0.142,,7,G12,J,arcsec,Apparent
14,27.33,,0.160,,7,G12,J,arcsec,Apparent
15,27.60,,0.189,,7,G12,J,arcsec,Apparent
16,26.95,,0.215,,7,G12,J,arcsec,Apparent
17,25.73,,0.149,,7,G12,J,arcsec,Apparent
18,26.99,,0.134,,7,G12,J,arcsec,Apparent
19,27.80,,0.134,,7,G12,J,arcsec,Apparent
20,26.32,,0.188,,7,G12,J,arcsec,Apparent
21,27.28,,0.119,,7,G12,J,arcsec,Apparent
22,28.50,,0.189,,7,G12,J,arcsec,Apparent
23,27.26,,0.352,,7,G12,J,arcsec,Apparent
24,28.40,,0.140,,7,G12,J,arcsec,Apparent
25,28.12,,0.235,,7,G12,J,arcsec,Apparent
26,28.60,,0.197,,7,G12,J,arcsec,Apparent
27,27.51,,0.141,,7,G12,J,arcsec,Apparent
28,27.19,,0.187,,7,G12,J,arcsec,Apparent
29,27.72,,0.171,,7,G12,J,arcsec,Apparent
30,28.29,,0.115,,7,G12,J,arcsec,Apparent
31,28.79,,0.123,,7,G12,J,arcsec,Apparent
32,27.93,,0.106,,7,G12,J,arcsec,Apparent
33,27.01,,0.176,,7,G12,J,arcsec,Apparent
34,27.96,,0.104,,7,G12,J,arcsec,Apparent
35,28.43,,0.149,,7,G12,J,arcsec,Apparent
36,28.41,,0.134,,7,G12,J,arcsec,Apparent
37,28.24,,0.193,,7,G12,J,arcsec,Apparent
38,27.41,,0.190,,7,G12,J,arcsec,Apparent
39,28.68,,0.137,,7,G12,J,arcsec,Apparent
40,28.78,,0.122,,7,G12,J,arcsec,Apparent
41,25.94,,0.162,,7,G12,J,arcsec,Apparent
42,28.10,,0.115,,7,G12,J,arcsec,Apparent
43,27.85,,0.122,,7,G12,J,arcsec,Apparent
44,28.65,,0.129,,7,G12,J,arcsec,Apparent
45,26.59,,0.151,,7,G12,J,arcsec,Apparent
46,25.72,,0.184,,7,G12,J,arcsec,Apparent
47,26.64,,0.140,,7,G12,J,arcsec,Apparent
48,26.54,,0.156,,7,G12,J,arcsec,Apparent
49,26.43,,0.176,,7,G12,J,arcsec,Apparent
50,26.49,,0.174,,7,G12,J,arcsec,Apparent
51,25.92,,0.182,,7,G12,J,arcsec,Apparent
52,25.62,,0.159,,7,G12,J,arcsec,Apparent
53,25.70,,0.326,,7,G12,J,arcsec,Apparent
54,25.66,,0.148,,7,G12,J,arcsec,Apparent
55,26.23,,0.214,,7,G12,J,arcsec,Apparent
56,26.02,,0.179,,7,G12,J,arcsec,Apparent
57,26.18,,0.239,,7,G12,J,arcsec,Apparent
58,26.04,,0.244,,7,G12,J,arcsec,Apparent
59,26.57,,0.172,,7,G12,J,arcsec,Apparent
60,25.43,,0.241,,7,G12,J,arcsec,Apparent
61,26.00,,0.160,,7,G12,J,arcsec,Apparent
62,26.30,,0.189,,7,G12,J,arcsec,Apparent
63,26.48,,0.148,,7,G12,J,arcsec,Apparent
64,26.50,,0.121,,7,G12,J,arcsec,Apparent
65,26.02,,0.247,,7,G12,J,arcsec,Apparent
66,26.37,,0.180,,7,G12,J,arcsec,Apparent
67,26.59,,0.160,,7,G12,J,arcsec,Apparent
68,26.34,,0.186,,7,G12,J,arcsec,Apparent
69,26.16,,0.145,,7,G12,J,arcsec,Apparent
70,26.17,,0.158,,7,G12,J,arcsec,Apparent
71,26.25,,0.193,,7,G12,J,arcsec,Apparent
72,26.10,,0.170,,7,G12,J,arcsec,Apparent
73,26.03,,0.179,,7,G12,J,arcsec,Apparent
74,26.55,,0.156,,7,G12,J,arcsec,Apparent
75,25.53,,0.410,,7,G12,J,arcsec,Apparent
76,25.83,,0.234,,7,G12,J,arcsec,Apparent
77,25.58,,0.115,,7,G12,J,arcsec,Apparent
78,26.65,,0.147,,7,G12,J,arcsec,Apparent
79,26.21,,0.196,,7,G12,J,arcsec,Apparent
80,26.35,,0.151,,7,G12,J,arcsec,Apparent
81,25.86,,0.224,,7,G12,J,arcsec,Apparent
82,25.97,,0.210,,7,G12,J,arcsec,Apparent
83,25.98,,0.143,,7,G12,J,arcsec,Apparent
84,26.12,,0.160,,7,G12,J,arcsec,Apparent
85,25.79,,0.188,,7,G12,J,arcsec,Apparent
86,26.61,,0.148,,7,G12,J,arcsec,Apparent
87,25.86,,0.179,,7,G12,J,arcsec,Apparent
88,26.28,,0.188,,7,G12,J,arcsec,Apparent
89,26.70,,0.122,,7,G12,J,arcsec,Apparent
90,25.68,,0.196,,7,G12,J,arcsec,Apparent
91,25.52,,0.210,,7,G12,J,arcsec,Apparent
92,25.81,,0.199,,7,G12,J,arcsec,Apparent
93,26.26,,0.152,,7,G12,J,arcsec,Apparent
94,26.62,,0.149,,7,G12,J,arcsec,Apparent
95,25.64,,0.303,,7,G12,J,arcsec,Apparent
96,26.25,,0.205,,7,G12,J,arcsec,Apparent
97,25.32,,0.196,,7,G12,J,arcsec,Apparent
98,26.62,,0.160,,7,G12,J,arcsec,Apparent
99,25.43,,0.203,,7,G12,J,arcsec,Apparent
100,26.56,,0.162,,7,G12,J,arcsec,Apparent
101,26.26,,0.199,,7,G12,J,arcsec,Apparent
102,26.22,,0.228,,7,G12,J,arcsec,Apparent
103,26.64,,0.159,,7,G12,J,arcsec,Apparent
104,26.13,,0.146,,7,G12,J,arcsec,Apparent
105,26.11,,0.248,,7,G12,J,arcsec,Apparent
106,26.57,,0.141,,7,G12,J,arcsec,Apparent
107,25.46,,0.218,,7,G12,J,arcsec,Apparent
108,26.40,,0.149,,7,G12,J,arcsec,Apparent
109,26.54,,0.145,,7,G12,J,arcsec,Apparent
110,26.03,,0.225,,7,G12,J,arcsec,Apparent
111,26.19,,0.182,,7,G12,J,arcsec,Apparent
112,24.53,0.10,0.23,,10.0,C16,H,arcsec,Apparent
113,26.41,0.19,0.37,,10.5,C16,H,arcsec,Apparent
114,25.12,0.17,0.17,,8.4,C16,H,arcsec,Apparent
115,24.94,0.20,0.08,,8.7,C16,H,arcsec,Apparent
116,25.35,0.26,0.13,,8.4,C16,H,arcsec,Apparent
117,24.99,0.18,0.25,,7.9,C16,H,arcsec,Apparent
118,25.26,0.14,0.08,,7.6,C16,H,arcsec,Apparent
119,26.12,0.19,0.17,,7.3,C16,H,arcsec,Apparent
120,25.20,0.23,0.18,,7.6,C16,H,arcsec,Apparent
121,26.07,,0.256,,7,G11,J,arcsec,Apparent
122,27.09,,0.147,,7,G11,J,arcsec,Apparent
123,27.18,,0.138,,7,G11,J,arcsec,Apparent
124,27.36,,0.134,,7,G11,J,arcsec,Apparent
125,27.47,,0.161,,7,G11,J,arcsec,Apparent
126,27.62,,0.120,,7,G11,J,arcsec,Apparent
127,27.82,,0.168,,7,G11,J,arcsec,Apparent
128,27.90,,0.144,,7,G11,J,arcsec,Apparent
129,27.94,,0.160,,7,G11,J,arcsec,Apparent
130,27.99,,0.160,,7,G11,J,arcsec,Apparent
131,28.07,,0.154,,7,G11,J,arcsec,Apparent
132,28.07,,0.140,,7,G11,J,arcsec,Apparent
133,28.12,,0.133,,7,G11,J,arcsec,Apparent
134,28.19,,0.190,,7,G11,J,arcsec,Apparent
135,28.21,,0.169,,7,G11,J,arcsec,Apparent
136,28.34,,0.180,,7,G11,J,arcsec,Apparent
137,28.34,,0.148,,7,G11,J,arcsec,Apparent
138,28.49,,0.152,,7,G11,J,arcsec,Apparent
139,28.73,,0.129,,7,G11,J,arcsec,Apparent
140,29.03,,0.109,,7,G11,J,arcsec,Apparent
141,25.54,,0.202,,7,G11,J,arcsec,Apparent
142,25.98,,0.254,,7,G11,J,arcsec,Apparent
143,26.08,,0.275,,7,G11,J,arcsec,Apparent
144,26.43,,0.225,,7,G11,J,arcsec,Apparent
145,26.61,,0.135,,7,G11,J,arcsec,Apparent
146,26.72,,0.128,,7,G11,J,arcsec,Apparent
147,26.98,,0.120,,7,G11,J,arcsec,Apparent
148,27.00,,0.178,,7,G11,J,arcsec,Apparent
149,27.01,,0.129,,7,G11,J,arcsec,Apparent
150,27.03,,0.159,,7,G11,J,arcsec,Apparent
151,27.09,,0.146,,7,G11,J,arcsec,Apparent
152,27.11,,0.197,,7,G11,J,arcsec,Apparent
153,27.13,,0.185,,7,G11,J,arcsec,Apparent
154,27.14,,0.136,,7,G11,J,arcsec,Apparent
155,27.16,,0.357,,7,G11,J,arcsec,Apparent
156,27.19,,0.288,,7,G11,J,arcsec,Apparent
157,27.30,,0.140,,7,G11,J,arcsec,Apparent
158,27.31,,0.130,,7,G11,J,arcsec,Apparent
159,27.33,,0.168,,7,G11,J,arcsec,Apparent
160,27.35,,0.145,,7,G11,J,arcsec,Apparent
161,27.36,,0.136,,7,G11,J,arcsec,Apparent
162,27.37,,0.148,,7,G11,J,arcsec,Apparent
,26.59,,0.67,,8.2,K18,UV,kpc,Apparent
,27.17,,0.50,,8.4,K18,UV,kpc,Apparent
,28.70,,0.21,,9.5,K18,UV,kpc,Apparent
,28.67,,0.10,,8.3,K18,UV,kpc,Apparent
,28.46,,0.19,,8.7,K18,UV,kpc,Apparent
,27.82,,0.36,,8.7,K18,UV,kpc,Apparent
,28.17,,0.31,,8.9,K18,UV,kpc,Apparent
,27.12,,0.25,,8.4,K18,UV,kpc,Apparent
,25.76,,0.50,,8.5,K18,UV,kpc,Apparent
,28.78,,0.40,,8.3,K18,UV,kpc,Apparent
,27.79,,0.14,,2.1,K18,UV,kpc,Apparent
,27.83,,0.24,,8.5,K18,UV,kpc,Apparent
,28.45,,0.19,,8.4,K18,UV,kpc,Apparent
,28.39,,0.54,,8.2,K18,UV,kpc,Apparent
,28.53,,0.39,,8.8,K18,UV,kpc,Apparent
,28.43,,0.09,,8.6,K18,UV,kpc,Apparent
,27.73,,0.15,,8.3,K18,UV,kpc,Apparent
,27.60,,0.34,,2.2,K18,UV,kpc,Apparent
,28.40,,0.08,,7.6,K18,UV,kpc,Apparent
,28.58,,0.10,,9.2,K18,UV,kpc,Apparent
,27.82,,0.13,,8.4,K18,UV,kpc,Apparent
,31.90,,0.06,,8.7,K18,UV,kpc,Apparent
,31.58,,0.08,,8.5,K18,UV,kpc,Apparent
,26.26,,0.34,,8.4,K18,UV,kpc,Apparent
,27.63,,0.04,,9.2,K18,UV,kpc,Apparent
,28.38,,0.41,,2.1,K18,UV,kpc,Apparent
,29.28,,0.15,,8.2,K18,UV,kpc,Apparent
,30.45,,0.09,,8.5,K18,UV,kpc,Apparent
,28.23,,0.05,,2.1,K18,UV,kpc,Apparent
,28.79,,0.11,,8.3,K18,UV,kpc,Apparent
,28.80,,0.06,,8.2,K18,UV,kpc,Apparent
,28.42,,0.09,,8.2,K18,UV,kpc,Apparent
,28.23,,0.06,,8.2,K18,UV,kpc,Apparent
,27.57,,0.44,,2.1,K18,UV,kpc,Apparent
,27.65,,0.42,,8.3,K18,UV,kpc,Apparent
,28.38,,0.24,,8.9,K18,UV,kpc,Apparent
,27.08,,0.73,,8.5,K18,UV,kpc,Apparent
,28.75,,0.06,,8.9,K18,UV,kpc,Apparent
,28.66,,0.55,,8.6,K18,UV,kpc,Apparent
,27.68,,0.09,,6.6,K18,UV,kpc,Apparent
,26.72,,0.18,,6.0,K18,UV,kpc,Apparent
,26.71,,0.34,,5.8,K18,UV,kpc,Apparent
,28.52,,0.09,,6.8,K18,UV,kpc,Apparent
,27.15,,0.55,,5.6,K18,UV,kpc,Apparent
,28.54,,0.03,,7.0,K18,UV,kpc,Apparent
,27.61,,0.21,,5.8,K18,UV,kpc,Apparent
,28.49,,0.18,,6.8,K18,UV,kpc,Apparent
,28.99,,0.04,,6.0,K18,UV,kpc,Apparent
,29.77,,0.08,,6.4,K18,UV,kpc,Apparent
,28.03,,0.10,,5.8,K18,UV,kpc,Apparent
,27.79,,0.50,,6.3,K18,UV,kpc,Apparent
,29.64,,0.06,,6.1,K18,UV,kpc,Apparent
,29.48,,0.04,,6.1,K18,UV,kpc,Apparent
,29.09,,0.04,,5.7,K18,UV,kpc,Apparent
,29.03,,0.30,,5.6,K18,UV,kpc,Apparent
,28.22,,0.23,,6.1,K18,UV,kpc,Apparent
,29.11,,0.22,,6.1,K18,UV,kpc,Apparent
,27.30,,0.89,,0.1,K18,UV,kpc,Apparent
,30.58,,0.03,,6.6,K18,UV,kpc,Apparent
,30.79,,0.05,,1.3,K18,UV,kpc,Apparent
,28.59,,0.23,,6.1,K18,UV,kpc,Apparent
,27.29,,0.14,,7.3,K18,UV,kpc,Apparent
,26.72,,0.60,,5.8,K18,UV,kpc,Apparent
,26.91,,0.81,,7.3,K18,UV,kpc,Apparent
,27.84,,0.14,,7.5,K18,UV,kpc,Apparent
,27.41,,0.26,,6.3,K18,UV,kpc,Apparent
,27.21,,0.84,,5.7,K18,UV,kpc,Apparent
,27.68,,0.54,,6.8,K18,UV,kpc,Apparent
,27.39,,0.58,,5.8,K18,UV,kpc,Apparent
,27.50,,0.59,,6.3,K18,UV,kpc,Apparent
,27.08,,0.61,,6.8,K18,UV,kpc,Apparent
,27.73,,0.32,,6.6,K18,UV,kpc,Apparent
,27.53,,0.55,,6.1,K18,UV,kpc,Apparent
,27.71,,0.42,,5.9,K18,UV,kpc,Apparent
,27.93,,0.48,,1.3,K18,UV,kpc,Apparent
,27.77,,0.71,,5.6,K18,UV,kpc,Apparent
,28.31,,0.41,,6.7,K18,UV,kpc,Apparent
,28.69,,0.16,,5.8,K18,UV,kpc,Apparent
,28.18,,0.33,,1.1,K18,UV,kpc,Apparent
,27.23,,0.88,,5.9,K18,UV,kpc,Apparent
,28.20,,0.27,,4.2,K18,UV,kpc,Apparent
,28.32,,0.12,,6.0,K18,UV,kpc,Apparent
,27.97,,0.36,,5.8,K18,UV,kpc,Apparent
,28.48,,0.14,,4.7,K18,UV,kpc,Apparent
,28.21,,0.33,,6.5,K18,UV,kpc,Apparent
,28.63,,0.15,,6.1,K18,UV,kpc,Apparent
,28.02,,0.58,,6.3,K18,UV,kpc,Apparent
,28.55,,0.18,,6.2,K18,UV,kpc,Apparent
,28.80,,0.08,,5.8,K18,UV,kpc,Apparent
,27.32,,0.90,,5.8,K18,UV,kpc,Apparent
,28.13,,0.64,,1.1,K18,UV,kpc,Apparent
,26.60,,0.43,,5.9,K18,UV,kpc,Apparent
,29.19,,0.15,,6.2,K18,UV,kpc,Apparent
,29.87,,0.04,,5.9,K18,UV,kpc,Apparent
,28.43,,0.42,,6.0,K18,UV,kpc,Apparent
,27.14,,0.54,,5.9,K18,UV,kpc,Apparent
,29.12,,0.26,,6.3,K18,UV,kpc,Apparent
,27.90,,0.52,,6.8,K18,UV,kpc,Apparent
,28.84,,0.08,,5.9,K18,UV,kpc,Apparent
,30.65,,0.04,,6.2,K18,UV,kpc,Apparent
,31.15,,0.03,,6.3,K18,UV,kpc,Apparent
,29.48,,0.31,,5.5,K18,UV,kpc,Apparent
,28.94,,0.04,,5.7,K18,UV,kpc,Apparent
,28.49,,0.29,,1.4,K18,UV,kpc,Apparent
,28.24,,0.15,,6.0,K18,UV,kpc,Apparent
,28.20,,0.06,,6.5,K18,UV,kpc,Apparent
,28.48,,0.20,,6.0,K18,UV,kpc,Apparent
,29.39,,0.07,,6.1,K18,UV,kpc,Apparent
,30.38,,0.26,,1.1,K18,UV,kpc,Apparent
,28.28,,0.55,,6.4,K18,UV,kpc,Apparent
,26.99,,1.45,,1.3,K18,UV,kpc,Apparent
,28.79,,0.21,,5.8,K18,UV,kpc,Apparent
,29.65,,0.04,,6.0,K18,UV,kpc,Apparent
,29.81,,0.04,,5.8,K18,UV,kpc,Apparent
,28.92,,0.04,,5.8,K18,UV,kpc,Apparent
,28.77,,0.34,,6.2,K18,UV,kpc,Apparent
,27.03,,0.04,,7.5,K18,UV,kpc,Apparent
,26.63,,0.31,,6.4,K18,UV,kpc,Apparent
,26.94,,0.32,,6.3,K18,UV,kpc,Apparent
,27.91,,0.07,,7.6,K18,UV,kpc,Apparent
,27.41,,0.43,,5.8,K18,UV,kpc,Apparent
,27.59,,0.28,,5.9,K18,UV,kpc,Apparent
,26.76,,0.70,,6.4,K18,UV,kpc,Apparent
,26.98,,0.62,,5.8,K18,UV,kpc,Apparent
,27.83,,0.32,,7.2,K18,UV,kpc,Apparent
,27.52,,0.76,,5.4,K18,UV,kpc,Apparent
,27.28,,0.64,,6.0,K18,UV,kpc,Apparent
,27.40,,0.80,,6.6,K18,UV,kpc,Apparent
,27.90,,0.60,,5.3,K18,UV,kpc,Apparent
,28.34,,0.34,,1.4,K18,UV,kpc,Apparent
,28.31,,0.31,,5.8,K18,UV,kpc,Apparent
,28.50,,0.40,,6.1,K18,UV,kpc,Apparent
,28.46,,0.35,,5.8,K18,UV,kpc,Apparent
,28.15,,0.33,,6.1,K18,UV,kpc,Apparent
,28.56,,0.25,,6.5,K18,UV,kpc,Apparent
,27.95,,0.60,,6.6,K18,UV,kpc,Apparent
,28.20,,0.59,,1.3,K18,UV,kpc,Apparent
,28.51,,0.34,,6.0,K18,UV,kpc,Apparent
,28.73,,0.27,,1.4,K18,UV,kpc,Apparent
,29.84,,0.07,,6.0,K18,UV,kpc,Apparent
,27.73,,0.05,,6.2,K18,UV,kpc,Apparent
,28.65,,0.05,,6.2,K18,UV,kpc,Apparent
,29.21,,0.03,,6.5,K18,UV,kpc,Apparent
,27.65,,0.41,,6.2,K18,UV,kpc,Apparent
,29.58,,0.03,,6.5,K18,UV,kpc,Apparent
,27.81,,0.24,,6.2,K18,UV,kpc,Apparent
,27.44,,0.29,,6.0,K18,UV,kpc,Apparent
,28.43,,0.02,,6.1,K18,UV,kpc,Apparent
,28.31,,0.08,,6.0,K18,UV,kpc,Apparent
,30.36,,0.15,,5.9,K18,UV,kpc,Apparent
,29.25,,0.15,,5.9,K18,UV,kpc,Apparent
,29.56,,0.22,,5.5,K18,UV,kpc,Apparent
,29.93,,0.02,,6.0,K18,UV,kpc,Apparent
,32.53,,0.07,,6.0,K18,UV,kpc,Apparent
,28.65,,0.98,,5.8,K18,UV,kpc,Apparent
,30.17,,0.23,,5.6,K18,UV,kpc,Apparent
,29.49,,0.30,,6.2,K18,UV,kpc,Apparent
,30.54,,0.08,,6.5,K18,UV,kpc,Apparent
,29.97,,0.03,,6.0,K18,UV,kpc,Apparent
,28.86,,0.89,,6.2,K18,UV,kpc,Apparent
,30.75,,0.02,,6.4,K18,UV,kpc,Apparent
,26.86,,0.06,,6.5,K18,UV,kpc,Apparent
,27.07,,0.27,,6.2,K18,UV,kpc,Apparent
,27.14,,0.33,,6.6,K18,UV,kpc,Apparent
,26.97,,0.44,,7.1,K18,UV,kpc,Apparent
,27.51,,0.06,,6.8,K18,UV,kpc,Apparent
,27.30,,0.41,,7.2,K18,UV,kpc,Apparent
,27.42,,0.26,,5.8,K18,UV,kpc,Apparent
,26.40,,1.01,,5.9,K18,UV,kpc,Apparent
,27.64,,0.29,,6.8,K18,UV,kpc,Apparent
,27.50,,0.42,,6.1,K18,UV,kpc,Apparent
,26.38,,0.61,,6.2,K18,UV,kpc,Apparent
,27.39,,0.70,,4.6,K18,UV,kpc,Apparent
,26.33,,0.99,,5.8,K18,UV,kpc,Apparent
,27.51,,0.47,,6.5,K18,UV,kpc,Apparent
,27.51,,0.56,,7.3,K18,UV,kpc,Apparent
,27.95,,0.05,,6.4,K18,UV,kpc,Apparent
,26.28,,1.20,,5.9,K18,UV,kpc,Apparent
,27.75,,0.20,,6.5,K18,UV,kpc,Apparent
,28.09,,0.07,,5.8,K18,UV,kpc,Apparent
,28.15,,0.12,,5.7,K18,UV,kpc,Apparent
,28.03,,0.45,,6.1,K18,UV,kpc,Apparent
,27.51,,0.66,,5.7,K18,UV,kpc,Apparent
,27.83,,0.56,,6.5,K18,UV,kpc,Apparent
,27.94,,0.57,,6.0,K18,UV,kpc,Apparent
,28.36,,0.37,,5.8,K18,UV,kpc,Apparent
,27.38,,0.72,,5.6,K18,UV,kpc,Apparent
,27.59,,0.54,,1.2,K18,UV,kpc,Apparent
,28.15,,0.34,,6.1,K18,UV,kpc,Apparent
,27.52,,0.95,,6.6,K18,UV,kpc,Apparent
,28.16,,0.27,,1.4,K18,UV,kpc,Apparent
,28.29,,0.52,,6.5,K18,UV,kpc,Apparent
,28.45,,0.24,,6.9,K18,UV,kpc,Apparent
,28.22,,0.18,,6.8,K18,UV,kpc,Apparent
,28.46,,0.42,,1.4,K18,UV,kpc,Apparent
,28.30,,0.48,,5.6,K18,UV,kpc,Apparent
,28.51,,0.36,,5.7,K18,UV,kpc,Apparent
,28.29,,0.21,,5.6,K18,UV,kpc,Apparent
,28.78,,0.09,,5.6,K18,UV,kpc,Apparent
,28.55,,0.42,,5.6,K18,UV,kpc,Apparent
,28.30,,0.30,,5.6,K18,UV,kpc,Apparent
,28.16,,0.38,,6.3,K18,UV,kpc,Apparent
,25.73,,0.39,,7.5,K18,UV,kpc,Apparent
,25.55,,0.74,,5.8,K18,UV,kpc,Apparent
,26.94,,0.18,,6.3,K18,UV,kpc,Apparent
,26.56,,0.70,,5.7,K18,UV,kpc,Apparent
,26.80,,0.36,,6.5,K18,UV,kpc,Apparent
,27.93,,0.17,,6.0,K18,UV,kpc,Apparent
,27.76,,0.09,,5.8,K18,UV,kpc,Apparent
,27.61,,0.03,,6.4,K18,UV,kpc,Apparent
,27.33,,0.21,,5.9,K18,UV,kpc,Apparent
,27.82,,0.35,,6.0,K18,UV,kpc,Apparent
,27.50,,0.31,,6.5,K18,UV,kpc,Apparent
,28.05,,0.06,,6.0,K18,UV,kpc,Apparent
,27.95,,0.53,,7.3,K18,UV,kpc,Apparent
,28.89,,0.04,,6.6,K18,UV,kpc,Apparent
,29.91,,0.08,,6.3,K18,UV,kpc,Apparent
,28.21,,0.34,,5.7,K18,UV,kpc,Apparent
,29.88,,0.03,,6.7,K18,UV,kpc,Apparent
,28.19,,0.22,,5.8,K18,UV,kpc,Apparent
,28.24,,0.31,,5.9,K18,UV,kpc,Apparent
,28.21,,0.04,,6.0,K18,UV,kpc,Apparent
,28.82,,0.26,,6.5,K18,UV,kpc,Apparent
,30.05,,0.02,,7.2,K18,UV,kpc,Apparent
,29.40,,0.10,,5.8,K18,UV,kpc,Apparent
,28.90,,0.04,,6.1,K18,UV,kpc,Apparent
,29.98,,0.02,,6.6,K18,UV,kpc,Apparent
,28.35,,0.39,,6.2,K18,UV,kpc,Apparent
,30.02,,0.02,,6.6,K18,UV,kpc,Apparent
,30.45,,0.06,,5.8,K18,UV,kpc,Apparent
,29.10,,0.19,,6.6,K18,UV,kpc,Apparent
,29.74,,0.05,,6.5,K18,UV,kpc,Apparent
,26.92,,1.03,,1.3,K18,UV,kpc,Apparent
,29.64,,0.03,,5.8,K18,UV,kpc,Apparent
,28.80,,0.29,,1.3,K18,UV,kpc,Apparent
,28.66,,0.27,,5.6,K18,UV,kpc,Apparent
,34.45,,0.03,,0.3,K18,UV,kpc,Apparent
,29.15,,0.08,,5.6,K18,UV,kpc,Apparent
,28.30,,0.48,,6.2,K18,UV,kpc,Apparent
,27.76,,0.71,,1.4,K18,UV,kpc,Apparent
,29.37,,0.34,,0.3,K18,UV,kpc,Apparent
,29.59,,0.31,,5.6,K18,UV,kpc,Apparent
,29.58,,0.07,,6.3,K18,UV,kpc,Apparent
,25.41,,0.76,,6.8,K18,UV,kpc,Apparent
,26.55,,0.06,,7.5,K18,UV,kpc,Apparent
,26.52,,0.25,,7.1,K18,UV,kpc,Apparent
,26.70,,0.31,,6.2,K18,UV,kpc,Apparent
,27.06,,0.31,,6.8,K18,UV,kpc,Apparent
,27.00,,0.46,,6.0,K18,UV,kpc,Apparent
,26.57,,0.60,,6.0,K18,UV,kpc,Apparent
,26.99,,0.34,,6.2,K18,UV,kpc,Apparent
,27.58,,0.06,,7.2,K18,UV,kpc,Apparent
,27.52,,0.06,,7.2,K18,UV,kpc,Apparent
,27.22,,0.47,,6.4,K18,UV,kpc,Apparent
,27.31,,0.66,,6.2,K18,UV,kpc,Apparent
,27.59,,0.59,,6.9,K18,UV,kpc,Apparent
,27.62,,0.36,,6.0,K18,UV,kpc,Apparent
,27.03,,0.79,,5.8,K18,UV,kpc,Apparent
,27.58,,0.51,,5.9,K18,UV,kpc,Apparent
,27.86,,0.45,,7.1,K18,UV,kpc,Apparent
,27.83,,0.13,,6.8,K18,UV,kpc,Apparent
,27.96,,0.37,,6.1,K18,UV,kpc,Apparent
,27.59,,0.76,,6.6,K18,UV,kpc,Apparent
,28.29,,0.12,,6.5,K18,UV,kpc,Apparent
,27.35,,0.75,,5.5,K18,UV,kpc,Apparent
,28.19,,0.55,,5.7,K18,UV,kpc,Apparent
,27.63,,0.75,,5.7,K18,UV,kpc,Apparent
,28.16,,0.47,,6.5,K18,UV,kpc,Apparent
,28.14,,0.51,,6.5,K18,UV,kpc,Apparent
,28.02,,0.47,,6.1,K18,UV,kpc,Apparent
,28.14,,0.17,,6.1,K18,UV,kpc,Apparent
,28.17,,0.46,,1.3,K18,UV,kpc,Apparent
,27.14,,1.01,,1.2,K18,UV,kpc,Apparent
,28.00,,0.54,,6.5,K18,UV,kpc,Apparent
,27.92,,0.77,,6.1,K18,UV,kpc,Apparent
,28.17,,0.41,,6.4,K18,UV,kpc,Apparent
,29.02,,0.16,,1.3,K18,UV,kpc,Apparent
,27.91,,0.76,,1.4,K18,UV,kpc,Apparent
,26.73,,1.33,,1.3,K18,UV,kpc,Apparent
,27.79,,0.70,,6.1,K18,UV,kpc,Apparent
,26.69,,0.12,,6.0,K18,UV,kpc,Apparent
,26.41,,0.16,,6.0,K18,UV,kpc,Apparent
,26.82,,0.11,,5.9,K18,UV,kpc,Apparent
,27.53,,0.34,,6.1,K18,UV,kpc,Apparent
,28.87,,0.08,,5.9,K18,UV,kpc,Apparent
,29.15,,0.15,,6.0,K18,UV,kpc,Apparent
,27.29,,0.41,,1.2,K18,UV,kpc,Apparent
,28.97,,0.08,,6.5,K18,UV,kpc,Apparent
,28.82,,0.42,,6.2,K18,UV,kpc,Apparent
,29.18,,0.05,,6.0,K18,UV,kpc,Apparent
,27.78,,0.55,,6.7,K18,UV,kpc,Apparent
,31.35,,0.11,,6.0,K18,UV,kpc,Apparent
,28.92,,0.39,,6.0,K18,UV,kpc,Apparent
,29.19,,0.05,,5.6,K18,UV,kpc,Apparent
,29.35,,0.04,,5.7,K18,UV,kpc,Apparent
,30.81,,0.03,,5.8,K18,UV,kpc,Apparent
,29.74,,0.09,,6.2,K18,UV,kpc,Apparent
,31.01,,0.05,,6.3,K18,UV,kpc,Apparent
,29.31,,0.11,,5.6,K18,UV,kpc,Apparent
,28.41,,0.30,,5.4,K18,UV,kpc,Apparent
,27.48,,0.83,,5.7,K18,UV,kpc,Apparent
,31.47,,0.04,,5.9,K18,UV,kpc,Apparent
,33.04,,0.04,,5.3,K18,UV,kpc,Apparent
,25.88,,0.55,,6.3,K18,UV,kpc,Apparent
,26.29,,0.17,,6.3,K18,UV,kpc,Apparent
,26.15,,0.39,,6.2,K18,UV,kpc,Apparent
,26.29,,0.10,,6.4,K18,UV,kpc,Apparent
,26.47,,0.23,,6.5,K18,UV,kpc,Apparent
,27.07,,0.05,,7.5,K18,UV,kpc,Apparent
,26.70,,0.24,,6.8,K18,UV,kpc,Apparent
,26.93,,0.17,,6.5,K18,UV,kpc,Apparent
,26.53,,0.54,,6.9,K18,UV,kpc,Apparent
,26.42,,0.54,,6.3,K18,UV,kpc,Apparent
,27.23,,0.20,,6.4,K18,UV,kpc,Apparent
,27.55,,0.07,,7.3,K18,UV,kpc,Apparent
,27.70,,0.07,,6.4,K18,UV,kpc,Apparent
,27.57,,0.08,,5.8,K18,UV,kpc,Apparent
,27.51,,0.44,,6.0,K18,UV,kpc,Apparent
,27.71,,0.26,,6.0,K18,UV,kpc,Apparent
,27.57,,0.77,,5.8,K18,UV,kpc,Apparent
,27.72,,0.61,,6.3,K18,UV,kpc,Apparent
,27.88,,0.50,,6.2,K18,UV,kpc,Apparent
,27.68,,0.73,,5.8,K18,UV,kpc,Apparent
,28.27,,0.44,,6.6,K18,UV,kpc,Apparent
,27.38,,0.80,,1.4,K18,UV,kpc,Apparent
,26.98,,0.81,,6.3,K18,UV,kpc,Apparent
,27.90,,0.70,,5.9,K18,UV,kpc,Apparent
,28.03,,0.64,,6.1,K18,UV,kpc,Apparent
,27.16,,0.77,,5.9,K18,UV,kpc,Apparent
,28.23,,0.55,,6.4,K18,UV,kpc,Apparent
,28.51,,0.06,,6.1,K18,UV,kpc,Apparent
,28.90,,0.06,,5.7,K18,UV,kpc,Apparent
,28.37,,0.17,,5.6,K18,UV,kpc,Apparent
,28.30,,0.39,,5.8,K18,UV,kpc,Apparent
,28.47,,0.42,,0.3,K18,UV,kpc,Apparent
,28.39,,0.21,,5.6,K18,UV,kpc,Apparent
,26.16,,4.36,,5.7,K18,UV,kpc,Apparent
,28.69,,0.28,,5.7,K18,UV,kpc,Apparent
,28.37,,0.52,,1.4,K18,UV,kpc,Apparent
,27.97,,0.68,,6.5,K18,UV,kpc,Apparent
,28.52,,0.24,,5.9,K18,UV,kpc,Apparent
,28.80,,0.34,,5.9,K18,UV,kpc,Apparent
,28.70,,0.08,,5.9,K18,UV,kpc,Apparent
,28.79,,0.11,,5.8,K18,UV,kpc,Apparent
,28.06,,0.37,,5.4,K18,UV,kpc,Apparent
,28.49,,0.08,,6.2,K18,UV,kpc,Apparent
,28.47,,0.25,,5.8,K18,UV,kpc,Apparent
,29.04,,0.04,,6.1,K18,UV,kpc,Apparent
,29.11,,0.06,,6.2,K18,UV,kpc,Apparent
,25.18,,0.13,,6.1,K18,UV,kpc,Apparent
,25.67,,0.27,,7.1,K18,UV,kpc,Apparent
,26.02,,0.29,,6.3,K18,UV,kpc,Apparent
,26.51,,0.17,,6.4,K18,UV,kpc,Apparent
,26.10,,0.83,,6.0,K18,UV,kpc,Apparent
,26.54,,0.55,,6.3,K18,UV,kpc,Apparent
,26.99,,0.19,,6.2,K18,UV,kpc,Apparent
,26.86,,0.43,,5.2,K18,UV,kpc,Apparent
,26.47,,0.99,,1.1,K18,UV,kpc,Apparent
,27.44,,0.36,,6.5,K18,UV,kpc,Apparent
,27.44,,0.13,,5.9,K18,UV,kpc,Apparent
,27.74,,0.19,,7.1,K18,UV,kpc,Apparent
,27.11,,0.75,,6.3,K18,UV,kpc,Apparent
,27.18,,0.40,,6.5,K18,UV,kpc,Apparent
,27.84,,0.38,,6.3,K18,UV,kpc,Apparent
,27.04,,0.67,,6.5,K18,UV,kpc,Apparent
,27.82,,0.46,,6.1,K18,UV,kpc,Apparent
,27.97,,0.56,,6.3,K18,UV,kpc,Apparent
,28.31,,0.06,,6.2,K18,UV,kpc,Apparent
,27.92,,0.46,,6.4,K18,UV,kpc,Apparent
,28.37,,0.06,,6.3,K18,UV,kpc,Apparent
,28.12,,0.15,,6.0,K18,UV,kpc,Apparent
,28.08,,0.20,,6.1,K18,UV,kpc,Apparent
,28.52,,0.07,,6.1,K18,UV,kpc,Apparent
,28.27,,0.18,,6.1,K18,UV,kpc,Apparent
,28.09,,0.52,,6.2,K18,UV,kpc,Apparent
,28.51,,0.24,,5.9,K18,UV,kpc,Apparent
,28.33,,0.23,,5.8,K18,UV,kpc,Apparent
,28.85,,0.28,,6.5,K18,UV,kpc,Apparent
,28.53,,0.33,,6.0,K18,UV,kpc,Apparent
,28.81,,0.06,,5.7,K18,UV,kpc,Apparent
,28.78,,0.16,,6.5,K18,UV,kpc,Apparent
,28.83,,0.09,,6.4,K18,UV,kpc,Apparent
,27.35,,0.89,,5.7,K18,UV,kpc,Apparent
,28.66,,0.40,,6.1,K18,UV,kpc,Apparent
,28.96,,0.05,,5.8,K18,UV,kpc,Apparent
,28.94,,0.06,,5.7,K18,UV,kpc,Apparent
,27.23,,0.80,,5.8,K18,UV,kpc,Apparent
,28.83,,0.15,,6.2,K18,UV,kpc,Apparent
,28.77,,0.17,,1.2,K18,UV,kpc,Apparent
,26.40,,0.22,,8.0,K18,UV,kpc,Apparent
,26.66,,0.70,,8.2,K18,UV,kpc,Apparent
,27.40,,0.31,,8.2,K18,UV,kpc,Apparent
,27.41,,0.16,,8.0,K18,UV,kpc,Apparent
,27.23,,0.49,,8.4,K18,UV,kpc,Apparent
,26.79,,0.77,,7.9,K18,UV,kpc,Apparent
,29.21,,0.06,,8.0,K18,UV,kpc,Apparent
,27.20,,1.04,,7.9,K18,UV,kpc,Apparent
,29.35,,0.12,,7.2,K18,UV,kpc,Apparent
,28.25,,0.47,,7.7,K18,UV,kpc,Apparent
,27.68,,0.11,,7.5,K18,UV,kpc,Apparent
,27.89,,0.21,,7.6,K18,UV,kpc,Apparent
,28.15,,0.42,,7.8,K18,UV,kpc,Apparent
,27.48,,0.46,,7.3,K18,UV,kpc,Apparent
,27.07,,0.27,,8.4,K18,UV,kpc,Apparent
,26.05,,0.73,,8.5,K18,UV,kpc,Apparent
,27.09,,0.56,,8.7,K18,UV,kpc,Apparent
,28.49,,0.29,,8.4,K18,UV,kpc,Apparent
,28.82,,0.17,,7.7,K18,UV,kpc,Apparent
,27.39,,0.12,,7.6,K18,UV,kpc,Apparent
,27.54,,0.19,,7.8,K18,UV,kpc,Apparent
,28.00,,0.31,,8.5,K18,UV,kpc,Apparent
,27.93,,0.34,,1.8,K18,UV,kpc,Apparent
,27.99,,0.44,,8.2,K18,UV,kpc,Apparent
,28.41,,0.13,,8.4,K18,UV,kpc,Apparent
,28.39,,0.18,,5.8,K18,UV,kpc,Apparent
,28.25,,0.32,,8.6,K18,UV,kpc,Apparent
,27.38,,0.61,,7.7,K18,UV,kpc,Apparent
,27.67,,0.23,,8.3,K18,UV,kpc,Apparent
,27.77,,0.17,,8.1,K18,UV,kpc,Apparent
,27.97,,0.31,,5.5,K18,UV,kpc,Apparent
,27.92,,0.34,,7.3,K18,UV,kpc,Apparent
,28.25,,0.26,,7.8,K18,UV,kpc,Apparent
,28.23,,0.40,,7.8,K18,UV,kpc,Apparent
,25.52,,0.27,,7.5,K18,UV,kpc,Apparent
,27.91,,0.09,,8.4,K18,UV,kpc,Apparent
,26.68,,0.35,,8.4,K18,UV,kpc,Apparent
,27.09,,0.25,,8.0,K18,UV,kpc,Apparent
,27.37,,0.33,,7.5,K18,UV,kpc,Apparent
,27.91,,0.39,,7.6,K18,UV,kpc,Apparent
,26.62,,0.64,,7.7,K18,UV,kpc,Apparent
,27.94,,0.18,,7.4,K18,UV,kpc,Apparent
,28.18,,0.08,,1.7,K18,UV,kpc,Apparent
,27.04,,0.61,,7.5,K18,UV,kpc,Apparent
,28.28,,0.43,,7.9,K18,UV,kpc,Apparent
,27.86,,0.46,,7.5,K18,UV,kpc,Apparent
,29.82,,0.17,,8.2,K18,UV,kpc,Apparent
,30.73,,0.08,,8.5,K18,UV,kpc,Apparent
,28.68,,0.20,,1.6,K18,UV,kpc,Apparent
,30.33,,0.03,,7.9,K18,UV,kpc,Apparent
,26.96,,0.04,,7.5,K18,UV,kpc,Apparent
,26.79,,0.54,,7.9,K18,UV,kpc,Apparent
,28.36,,0.21,,8.0,K18,UV,kpc,Apparent
,27.48,,0.50,,7.2,K18,UV,kpc,Apparent
,26.94,,1.34,,1.8,K18,UV,kpc,Apparent
,28.32,,0.30,,7.9,K18,UV,kpc,Apparent
,27.62,,0.14,,7.8,K18,UV,kpc,Apparent
,28.16,,0.04,,7.9,K18,UV,kpc,Apparent
,28.46,,0.11,,8.2,K18,UV,kpc,Apparent
,28.39,,0.07,,8.2,K18,UV,kpc,Apparent
,28.25,,0.20,,8.3,K18,UV,kpc,Apparent
,30.25,,0.07,,7.4,K18,UV,kpc,Apparent
,28.63,,0.05,,1.6,K18,UV,kpc,Apparent
,29.32,,0.06,,1.8,K18,UV,kpc,Absolute
,-21.681,,0.786,,6,M18,UV,kpc,Absolute
,-16.572,,0.642,,6,M18,UV,kpc,Absolute
,-15.228,,0.728,,6,M18,UV,kpc,Absolute
,-16.182,,0.236,,6,M18,UV,kpc,Absolute
,-17.165,,0.570,,6,M18,UV,kpc,Absolute
,-16.036,,0.323,,6,M18,UV,kpc,Absolute
,-16.477,,0.269,,6,M18,UV,kpc,Absolute
,-14.534,,0.611,,6,M18,UV,kpc,Absolute
,-16.572,,0.097,,6,M18,UV,kpc,Absolute
,-15.406,,0.262,,6,M18,UV,kpc,Absolute
,-14.900,,0.547,,6,M18,UV,kpc,Absolute
,-13.565,,0.622,,6,M18,UV,kpc,Absolute
,-15.725,,0.163,,6,M18,UV,kpc,Absolute
,-15.441,,0.196,,6,M18,UV,kpc,Absolute
,-14.136,,0.083,,6,M18,UV,kpc,Absolute
,-14.432,,0.378,,6,M18,UV,kpc,Absolute
,-14.225,,0.180,,6,M18,UV,kpc,Absolute
,-14.506,,0.328,,6,M18,UV,kpc,Absolute
,-15.002,,0.403,,6,M18,UV,kpc,Absolute
,-16.450,,0.063,,6,M18,UV,kpc,Absolute
,-13.147,,0.790,,6,M18,UV,kpc,Absolute
,-12.165,,0.781,,6,M18,UV,kpc,Absolute
,-12.836,,0.294,,6,M18,UV,kpc,Absolute
,-12.775,,0.098,,6,M18,UV,kpc,Absolute
,-13.802,,0.094,,6,M18,UV,kpc,Absolute
,-12.615,,1.206,,6,M18,UV,kpc,Absolute
,-12.560,,0.286,,6,M18,UV,kpc,Absolute
,-14.232,,0.517,,6,M18,UV,kpc,Absolute
,-15.305,,0.265,,6,M18,UV,kpc,Absolute
,-12.116,,0.475,,6,M18,UV,kpc,Absolute
,-12.415,,0.487,,6,M18,UV,kpc,Absolute
,-12.685,,0.407,,6,M18,UV,kpc,Absolute
,-12.756,,0.456,,6,M18,UV,kpc,Absolute
,-12.973,,0.503,,6,M18,UV,kpc,Absolute
,-10.816,,0.512,,6,M18,UV,kpc,Absolute
,-12.673,,0.517,,6,M18,UV,kpc,Absolute
,-10.794,,0.511,,6,M18,UV,kpc,Absolute
,-11.725,,0.095,,6,M18,UV,kpc,Absolute
,-12.248,,0.509,,6,M18,UV,kpc,Absolute
,-11.643,,0.562,,6,M18,UV,kpc,Absolute
,-13.071,,0.743,,6,M18,UV,kpc,Absolute
,-13.977,,0.244,,6,M18,UV,kpc,Absolute
,-11.067,,0.520,,6,M18,UV,kpc,Absolute
,-12.708,,0.171,,6,M18,UV,kpc,Absolute
,-11.938,,0.365,,6,M18,UV,kpc,Absolute
,-13.125,,0.438,,6,M18,UV,kpc,Absolute
,-10.737,,0.387,,6,M18,UV,kpc,Absolute
,-11.572,,0.184,,6,M18,UV,kpc,Absolute
,-10.712,,0.192,,6,M18,UV,kpc,Absolute
,-10.086,,0.485,,6,M18,UV,kpc,Absolute
,-9.880,,0.905,,6,M18,UV,kpc,Absolute
,-10.364,,0.325,,6,M18,UV,kpc,Absolute
,-10.909,,0.339,,6,M18,UV,kpc,Absolute
,-11.413,,0.641,,6,M18,UV,kpc,Absolute
,-10.339,,0.202,,6,M18,UV,kpc,Absolute
,-21.753,,0.602,,6,M18,UV,kpc,Absolute
,-16.241,,1.048,,6,M18,UV,kpc,Absolute
,-16.580,,0.686,,6,M18,UV,kpc,Absolute
,-17.884,,0.426,,6,M18,UV,kpc,Absolute
,-15.270,,0.923,,6,M18,UV,kpc,Absolute
,-13.884,,0.248,,6,M18,UV,kpc,Absolute
,-15.707,,0.070,,6,M18,UV,kpc,Absolute
,-14.865,,0.169,,6,M18,UV,kpc,Absolute
,-13.716,,0.798,,6,M18,UV,kpc,Absolute
,-14.246,,0.320,,6,M18,UV,kpc,Absolute
,-13.455,,0.300,,6,M18,UV,kpc,Absolute
,-12.256,,0.495,,6,M18,UV,kpc,Absolute
,-13.002,,0.188,,6,M18,UV,kpc,Absolute
,-11.422,,0.234,,6,M18,UV,kpc,Absolute
,-13.854,,0.469,,6,M18,UV,kpc,Absolute
,-10.912,,0.437,,6,M18,UV,kpc,Absolute
,-14.239,,0.123,,6,M18,UV,kpc,Absolute
,-10.315,,0.269,,6,M18,UV,kpc,Absolute
,-12.437,,0.151,,6,M18,UV,kpc,Absolute
,-13.208,,0.086,,6,M18,UV,kpc,Absolute
,-13.119,,0.246,,6,M18,UV,kpc,Absolute
,-13.262,,0.073,,6,M18,UV,kpc,Absolute
,-11.059,,0.130,,6,M18,UV,kpc,Absolute
,-11.080,,0.195,,6,M18,UV,kpc,Absolute
,-10.888,,0.451,,6,M18,UV,kpc,Absolute
,-12.126,,0.364,,6,M18,UV,kpc,Absolute
,-13.586,,0.644,,6,M18,UV,kpc,Absolute
,-13.405,,0.386,,6,M18,UV,kpc,Absolute
,-20.748,,0.525,,6,M18,UV,kpc,Absolute
,-17.485,,0.505,,6,M18,UV,kpc,Absolute
,-15.529,,0.288,,6,M18,UV,kpc,Absolute
,-13.644,,0.206,,6,M18,UV,kpc,Absolute
,-14.778,,0.036,,6,M18,UV,kpc,Absolute
,-15.511,,0.416,,6,M18,UV,kpc,Absolute
,-12.967,,0.828,,6,M18,UV,kpc,Absolute
,-14.484,,0.111,,6,M18,UV,kpc,Absolute
,-12.934,,0.000,,6,M18,UV,kpc,Absolute
,-11.767,,0.498,,6,M18,UV,kpc,Absolute
,-10.801,,0.563,,6,M18,UV,kpc,Absolute
,-11.459,,0.763,,6,M18,UV,kpc,Absolute
,-11.050,,0.174,,6,M18,UV,kpc,Absolute
,-18.412,,0.706,,6,M18,UV,kpc,Absolute
,-14.555,,0.439,,6,M18,UV,kpc,Absolute
,-12.869,,0.580,,6,M18,UV,kpc,Absolute
,-10.673,,0.578,,6,M18,UV,kpc,Absolute
,-16.696,,1.136,,6,M18,UV,kpc,Absolute
,-15.344,,0.245,,6,M18,UV,kpc,Absolute
,-13.823,,0.371,,6,M18,UV,kpc,Absolute
,-13.039,,0.600,,6,M18,UV,kpc,Absolute
,-11.628,,0.693,,6,M18,UV,kpc,Absolute
,-15.513,,0.730,,6,M18,UV,kpc,Absolute
,-15.701,,0.236,,6,M18,UV,kpc,Absolute
,-11.210,,0.186,,6,M18,UV,kpc,Absolute
,-15.615,,0.193,,6,M18,UV,kpc,Absolute
,-10.394,,0.996,,6,M18,UV,kpc,Absolute
,-10.550,,0.515,,6,M18,UV,kpc,Absolute
,-9.253,,0.210,,6,M18,UV,kpc,Absolute
,-9.484,,0.121,,6,M18,UV,kpc,Absolute
,-8.037,,0.249,,6,M18,UV,kpc,Absolute
,-8.060,,0.452,,6,M18,UV,kpc,Absolute
,-11.950,,0.321,,6,M18,UV,kpc,Absolute
,-17.786,,0.333,,6,M18,UV,kpc,Absolute
,-15.023,,0.543,,6,M18,UV,kpc,Absolute
,-14.112,,0.845,,6,M18,UV,kpc,Absolute
,-13.111,,0.243,,6,M18,UV,kpc,Absolute
,-13.649,,0.570,,6,M18,UV,kpc,Absolute
,-14.030,,0.106,,6,M18,UV,kpc,Absolute
,-10.844,,0.546,,6,M18,UV,kpc,Absolute
,-10.943,,0.243,,6,M18,UV,kpc,Absolute
,-12.415,,0.073,,6,M18,UV,kpc,Absolute
,-11.071,,0.590,,6,M18,UV,kpc,Absolute
,-8.498,,0.142,,6,M18,UV,kpc,Absolute
,-11.403,,0.222,,6,M18,UV,kpc,Absolute
,-9.581,,0.200,,6,M18,UV,kpc,Absolute
,-10.853,,0.190,,6,M18,UV,kpc,Absolute
,-9.534,,0.092,,6,M18,UV,kpc,Absolute
,-10.577,,0.406,,6,M18,UV,kpc,Absolute
,-15.473,,0.624,,6,M18,UV,kpc,Absolute
,-12.751,,0.680,,6,M18,UV,kpc,Absolute
,-8.085,,0.148,,6,M18,UV,kpc,Absolute
,-10.073,,0.903,,6,M18,UV,kpc,Absolute
,-7.770,,0.079,,6,M18,UV,kpc,Absolute
,-7.784,,0.317,,6,M18,UV,kpc,Absolute
,-8.253,,0.326,,6,M18,UV,kpc,Absolute
,-14.748,,0.262,,6,M18,UV,kpc,Absolute
,-13.802,,0.226,,6,M18,UV,kpc,Absolute
,-14.880,,0.108,,6,M18,UV,kpc,Absolute
,-13.013,,0.736,,6,M18,UV,kpc,Absolute
,-11.753,,0.383,,6,M18,UV,kpc,Absolute
,-11.173,,0.281,,6,M18,UV,kpc,Absolute
,-14.415,,0.108,,6,M18,UV,kpc,Absolute
,-10.940,,0.031,,6,M18,UV,kpc,Absolute
,-10.225,,0.225,,6,M18,UV,kpc,Absolute
,-10.112,,0.060,,6,M18,UV,kpc,Absolute
,-8.524,,0.301,,6,M18,UV,kpc,Absolute
,-8.834,,0.267,,6,M18,UV,kpc,Absolute
,-9.246,,0.155,,6,M18,UV,kpc,Absolute
,-9.253,,0.245,,6,M18,UV,kpc,Absolute
,-8.813,,0.303,,6,M18,UV,kpc,Absolute
,-11.048,,0.191,,6,M18,UV,kpc,Absolute
,-16.167,,0.271,,6,M18,UV,kpc,Absolute
,-12.299,,0.503,,6,M18,UV,kpc,Absolute
,-11.774,,0.291,,6,M18,UV,kpc,Absolute
,-12.243,,0.048,,6,M18,UV,kpc,Absolute
,-10.909,,0.111,,6,M18,UV,kpc,Absolute
,-10.200,,0.015,,6,M18,UV,kpc,Absolute
,-12.001,,0.031,,6,M18,UV,kpc,Absolute
,-8.464,,0.570,,6,M18,UV,kpc,Absolute
,-8.282,,0.264,,6,M18,UV,kpc,Absolute
,-14.506,,0.382,,6,M18,UV,kpc,Absolute
,-13.781,,0.619,,6,M18,UV,kpc,Absolute
,-10.728,,0.439,,6,M18,UV,kpc,Absolute
,-8.095,,0.225,,6,M18,UV,kpc,Absolute
,-11.563,,0.967,,6,M18,UV,kpc,Absolute
,-17.708,,0.294,,6,M18,UV,kpc,Absolute
,-12.670,,0.144,,6,M18,UV,kpc,Absolute
,-10.096,,0.421,,6,M18,UV,kpc,Absolute
,-11.269,,0.077,,6,M18,UV,kpc,Absolute
,-15.109,,0.170,,6,M18,UV,kpc,Absolute
,-11.884,,0.036,,6,M18,UV,kpc,Absolute
,-15.217,,0.169,,6,M18,UV,kpc,Absolute
,-12.725,,0.318,,6,M18,UV,kpc,Absolute
,-8.854,,0.428,,6,M18,UV,kpc,Absolute
,-10.214,,0.407,,6,M18,UV,kpc,Absolute
,-5.831,,0.151,,6,M18,UV,kpc,Absolute
,-21.001,,0.405,,7,M18,UV,kpc,Absolute
,-17.630,,0.382,,7,M18,UV,kpc,Absolute
,-16.513,,0.357,,7,M18,UV,kpc,Absolute
,-17.533,,0.242,,7,M18,UV,kpc,Absolute
,-14.693,,0.521,,7,M18,UV,kpc,Absolute
,-17.705,,0.370,,7,M18,UV,kpc,Absolute
,-15.509,,0.430,,7,M18,UV,kpc,Absolute
,-14.560,,0.511,,7,M18,UV,kpc,Absolute
,-16.732,,0.153,,7,M18,UV,kpc,Absolute
,-16.422,,0.286,,7,M18,UV,kpc,Absolute
,-14.900,,0.411,,7,M18,UV,kpc,Absolute
,-13.643,,0.665,,7,M18,UV,kpc,Absolute
,-13.471,,0.081,,7,M18,UV,kpc,Absolute
,-13.510,,0.345,,7,M18,UV,kpc,Absolute
,-14.120,,0.604,,7,M18,UV,kpc,Absolute
,-14.378,,0.250,,7,M18,UV,kpc,Absolute
,-13.754,,0.886,,7,M18,UV,kpc,Absolute
,-13.499,,0.508,,7,M18,UV,kpc,Absolute
,-14.930,,0.132,,7,M18,UV,kpc,Absolute
,-13.417,,0.387,,7,M18,UV,kpc,Absolute
,-13.721,,0.179,,7,M18,UV,kpc,Absolute
,-13.143,,0.025,,7,M18,UV,kpc,Absolute
,-14.812,,0.301,,7,M18,UV,kpc,Absolute
,-14.038,,0.062,,7,M18,UV,kpc,Absolute
,-12.060,,0.607,,7,M18,UV,kpc,Absolute
,-13.173,,0.686,,7,M18,UV,kpc,Absolute
,-14.769,,0.163,,7,M18,UV,kpc,Absolute
,-13.129,,0.509,,7,M18,UV,kpc,Absolute
,-14.651,,0.191,,7,M18,UV,kpc,Absolute
,-14.189,,0.114,,7,M18,UV,kpc,Absolute
,-14.004,,0.428,,7,M18,UV,kpc,Absolute
,-13.069,,0.315,,7,M18,UV,kpc,Absolute
,-12.834,,0.381,,7,M18,UV,kpc,Absolute
,-14.988,,0.048,,7,M18,UV,kpc,Absolute
,-12.720,,0.700,,7,M18,UV,kpc,Absolute
,-13.813,,0.014,,7,M18,UV,kpc,Absolute
,-13.214,,0.215,,7,M18,UV,kpc,Absolute
,-11.620,,0.494,,7,M18,UV,kpc,Absolute
,-13.959,,0.135,,7,M18,UV,kpc,Absolute
,-13.369,,0.325,,7,M18,UV,kpc,Absolute
,-13.513,,0.014,,7,M18,UV,kpc,Absolute
,-13.308,,0.567,,7,M18,UV,kpc,Absolute
,-11.781,,0.282,,7,M18,UV,kpc,Absolute
,-13.190,,0.000,,7,M18,UV,kpc,Absolute
,-11.681,,0.403,,7,M18,UV,kpc,Absolute
,-12.637,,0.428,,7,M18,UV,kpc,Absolute
,-11.827,,0.406,,7,M18,UV,kpc,Absolute
,-12.239,,0.608,,7,M18,UV,kpc,Absolute
,-12.599,,0.191,,7,M18,UV,kpc,Absolute
,-10.856,,0.375,,7,M18,UV,kpc,Absolute
,-11.846,,0.335,,7,M18,UV,kpc,Absolute
,-12.944,,0.195,,7,M18,UV,kpc,Absolute
,-13.573,,0.059,,7,M18,UV,kpc,Absolute
,-12.256,,0.104,,7,M18,UV,kpc,Absolute
,-11.513,,0.611,,7,M18,UV,kpc,Absolute
,-12.673,,0.673,,7,M18,UV,kpc,Absolute
,-10.529,,0.323,,7,M18,UV,kpc,Absolute
,-11.177,,0.420,,7,M18,UV,kpc,Absolute
,-11.152,,0.253,,7,M18,UV,kpc,Absolute
,-12.065,,0.594,,7,M18,UV,kpc,Absolute
,-11.530,,0.334,,7,M18,UV,kpc,Absolute
,-14.426,,0.117,,7,M18,UV,kpc,Absolute
,-13.156,,0.270,,7,M18,UV,kpc,Absolute
,-10.234,,0.241,,7,M18,UV,kpc,Absolute
,-12.886,,0.509,,7,M18,UV,kpc,Absolute
,-11.323,,0.609,,7,M18,UV,kpc,Absolute
,-10.070,,0.406,,7,M18,UV,kpc,Absolute
,-12.951,,0.010,,7,M18,UV,kpc,Absolute
,-12.170,,0.380,,7,M18,UV,kpc,Absolute
,-10.526,,0.217,,7,M18,UV,kpc,Absolute
,-19.631,,0.364,,7,M18,UV,kpc,Absolute
,-17.076,,0.837,,7,M18,UV,kpc,Absolute
,-17.694,,0.236,,7,M18,UV,kpc,Absolute
,-15.334,,0.405,,7,M18,UV,kpc,Absolute
,-14.752,,0.088,,7,M18,UV,kpc,Absolute
,-14.816,,0.163,,7,M18,UV,kpc,Absolute
,-15.099,,0.277,,7,M18,UV,kpc,Absolute
,-15.842,,0.173,,7,M18,UV,kpc,Absolute
,-13.525,,0.412,,7,M18,UV,kpc,Absolute
,-13.363,,0.037,,7,M18,UV,kpc,Absolute
,-13.652,,0.208,,7,M18,UV,kpc,Absolute
,-14.761,,0.225,,7,M18,UV,kpc,Absolute
,-14.189,,0.275,,7,M18,UV,kpc,Absolute
,-13.950,,0.218,,7,M18,UV,kpc,Absolute
,-14.778,,0.302,,7,M18,UV,kpc,Absolute
,-13.186,,0.511,,7,M18,UV,kpc,Absolute
,-12.225,,0.707,,7,M18,UV,kpc,Absolute
,-11.859,,0.570,,7,M18,UV,kpc,Absolute
,-12.239,,0.000,,7,M18,UV,kpc,Absolute
,-13.117,,0.182,,7,M18,UV,kpc,Absolute
,-13.181,,0.221,,7,M18,UV,kpc,Absolute
,-11.431,,0.267,,7,M18,UV,kpc,Absolute
,-14.812,,0.156,,7,M18,UV,kpc,Absolute
,-12.384,,0.690,,7,M18,UV,kpc,Absolute
,-11.681,,0.529,,7,M18,UV,kpc,Absolute
,-12.886,,0.380,,7,M18,UV,kpc,Absolute
,-11.056,,0.272,,7,M18,UV,kpc,Absolute
,-12.765,,0.407,,7,M18,UV,kpc,Absolute
,-12.474,,0.496,,7,M18,UV,kpc,Absolute
,-12.434,,0.412,,7,M18,UV,kpc,Absolute
,-10.804,,0.200,,7,M18,UV,kpc,Absolute
,-11.801,,0.170,,7,M18,UV,kpc,Absolute
,-14.651,,0.099,,7,M18,UV,kpc,Absolute
,-11.666,,0.186,,7,M18,UV,kpc,Absolute
,-13.115,,0.360,,7,M18,UV,kpc,Absolute
,-12.269,,1.127,,7,M18,UV,kpc,Absolute
,-19.963,,0.176,,7,M18,UV,kpc,Absolute
,-18.452,,0.088,,7,M18,UV,kpc,Absolute
,-14.581,,0.937,,7,M18,UV,kpc,Absolute
,-16.422,,0.155,,7,M18,UV,kpc,Absolute
,-14.892,,0.152,,7,M18,UV,kpc,Absolute
,-14.523,,1.007,,7,M18,UV,kpc,Absolute
,-14.307,,0.595,,7,M18,UV,kpc,Absolute
,-14.857,,0.053,,7,M18,UV,kpc,Absolute
,-15.124,,0.108,,7,M18,UV,kpc,Absolute
,-12.513,,0.552,,7,M18,UV,kpc,Absolute
,-13.117,,0.163,,7,M18,UV,kpc,Absolute
,-12.918,,0.560,,7,M18,UV,kpc,Absolute
,-10.906,,0.544,,7,M18,UV,kpc,Absolute
,-19.479,,0.742,,7,M18,UV,kpc,Absolute
,-15.732,,0.859,,7,M18,UV,kpc,Absolute
,-13.035,,0.512,,7,M18,UV,kpc,Absolute
,-14.684,,0.222,,7,M18,UV,kpc,Absolute
,-14.211,,0.084,,7,M18,UV,kpc,Absolute
,-13.950,,0.072,,7,M18,UV,kpc,Absolute
,-20.346,,0.342,,7,M18,UV,kpc,Absolute
,-16.612,,0.079,,7,M18,UV,kpc,Absolute
,-14.420,,0.263,,7,M18,UV,kpc,Absolute
,-11.588,,0.435,,7,M18,UV,kpc,Absolute
,-11.651,,0.548,,7,M18,UV,kpc,Absolute
,-16.013,,0.398,,7,M18,UV,kpc,Absolute
,-13.525,,0.273,,7,M18,UV,kpc,Absolute
,-13.139,,0.116,,7,M18,UV,kpc,Absolute
,-10.016,,0.312,,7,M18,UV,kpc,Absolute
,-11.984,,0.194,,7,M18,UV,kpc,Absolute
,-11.450,,0.169,,7,M18,UV,kpc,Absolute
,-10.441,,0.394,,7,M18,UV,kpc,Absolute
,-8.762,,0.220,,7,M18,UV,kpc,Absolute
,-9.571,,0.175,,7,M18,UV,kpc,Absolute
,-9.560,,0.219,,7,M18,UV,kpc,Absolute
,-8.736,,0.155,,7,M18,UV,kpc,Absolute
,-10.240,,0.468,,7,M18,UV,kpc,Absolute
,-17.136,,0.453,,7,M18,UV,kpc,Absolute
,-13.173,,0.284,,7,M18,UV,kpc,Absolute
,-11.364,,0.265,,7,M18,UV,kpc,Absolute
,-12.337,,0.112,,7,M18,UV,kpc,Absolute
,-10.801,,0.381,,7,M18,UV,kpc,Absolute
,-11.160,,0.229,,7,M18,UV,kpc,Absolute
,-10.675,,0.166,,7,M18,UV,kpc,Absolute
,-10.548,,0.205,,7,M18,UV,kpc,Absolute
,-10.924,,0.191,,7,M18,UV,kpc,Absolute
,-8.823,,0.144,,7,M18,UV,kpc,Absolute
,-11.513,,0.153,,7,M18,UV,kpc,Absolute
,-9.804,,0.251,,7,M18,UV,kpc,Absolute
,-8.075,,0.428,,7,M18,UV,kpc,Absolute
,-16.814,,0.144,,7,M18,UV,kpc,Absolute
,-14.707,,0.440,,7,M18,UV,kpc,Absolute
,-14.260,,0.186,,7,M18,UV,kpc,Absolute
,-12.006,,0.263,,7,M18,UV,kpc,Absolute
,-9.232,,0.188,,7,M18,UV,kpc,Absolute
,-11.334,,0.194,,7,M18,UV,kpc,Absolute
,-12.212,,0.441,,7,M18,UV,kpc,Absolute
,-8.154,,0.174,,7,M18,UV,kpc,Absolute
,-9.941,,0.114,,7,M18,UV,kpc,Absolute
,-9.512,,0.064,,7,M18,UV,kpc,Absolute
,-8.494,,0.282,,7,M18,UV,kpc,Absolute
,-14.450,,0.262,,7,M18,UV,kpc,Absolute
,-14.693,,0.335,,7,M18,UV,kpc,Absolute
,-13.342,,0.633,,7,M18,UV,kpc,Absolute
,-10.524,,0.401,,7,M18,UV,kpc,Absolute
,-12.101,,0.064,,7,M18,UV,kpc,Absolute
,-12.071,,0.132,,7,M18,UV,kpc,Absolute
,-10.652,,0.049,,7,M18,UV,kpc,Absolute
,-9.636,,0.032,,7,M18,UV,kpc,Absolute
,-10.267,,0.072,,7,M18,UV,kpc,Absolute
,-13.647,,0.807,,7,M18,UV,kpc,Absolute
,-11.572,,0.402,,7,M18,UV,kpc,Absolute
,-11.173,,0.317,,7,M18,UV,kpc,Absolute
,-9.334,,0.289,,7,M18,UV,kpc,Absolute
,-10.093,,0.259,,7,M18,UV,kpc,Absolute
,-9.346,,0.196,,7,M18,UV,kpc,Absolute
,-9.211,,0.189,,7,M18,UV,kpc,Absolute
,-8.792,,0.177,,7,M18,UV,kpc,Absolute
,-8.884,,0.410,,7,M18,UV,kpc,Absolute
,-13.395,,0.194,,7,M18,UV,kpc,Absolute
,-13.043,,0.223,,7,M18,UV,kpc,Absolute
,-13.728,,0.043,,7,M18,UV,kpc,Absolute
,-10.455,,0.240,,7,M18,UV,kpc,Absolute
,-11.961,,0.094,,7,M18,UV,kpc,Absolute
,-8.111,,0.219,,7,M18,UV,kpc,Absolute
,-8.748,,0.175,,7,M18,UV,kpc,Absolute
,-8.694,,0.395,,7,M18,UV,kpc,Absolute
,-12.874,,0.147,,7,M18,UV,kpc,Absolute
,-15.057,,0.159,,7,M18,UV,kpc,Absolute
,-9.432,,0.309,,7,M18,UV,kpc,Absolute
,-9.967,,0.053,,7,M18,UV,kpc,Absolute
,-13.527,,0.372,,7,M18,UV,kpc,Absolute
,-9.641,,0.239,,7,M18,UV,kpc,Absolute
,-10.080,,0.292,,7,M18,UV,kpc,Absolute
,-11.956,,0.091,,7,M18,UV,kpc,Absolute
,-10.732,,0.053,,7,M18,UV,kpc,Absolute
,-9.904,,0.124,,7,M18,UV,kpc,Absolute
,-7.495,,0.108,,7,M18,UV,kpc,Absolute
,-6.006,,0.061,,7,M18,UV,kpc,Absolute
,-6.604,,0.109,,7,M18,UV,kpc,Absolute
,-22.384,,0.564,,8,M18,UV,kpc,Absolute
,-16.521,,0.327,,8,M18,UV,kpc,Absolute
,-14.712,,0.283,,8,M18,UV,kpc,Absolute
,-18.405,,0.333,,8,M18,UV,kpc,Absolute
,-16.167,,0.246,,8,M18,UV,kpc,Absolute
,-16.039,,0.217,,8,M18,UV,kpc,Absolute
,-15.809,,0.425,,8,M18,UV,kpc,Absolute
,-17.017,,0.303,,8,M18,UV,kpc,Absolute
,-14.900,,0.446,,8,M18,UV,kpc,Absolute
,-14.253,,0.186,,8,M18,UV,kpc,Absolute
,-14.900,,0.155,,8,M18,UV,kpc,Absolute
,-15.554,,0.458,,8,M18,UV,kpc,Absolute
,-15.127,,0.570,,8,M18,UV,kpc,Absolute
,-13.358,,0.521,,8,M18,UV,kpc,Absolute
,-15.013,,0.681,,8,M18,UV,kpc,Absolute
,-15.070,,0.375,,8,M18,UV,kpc,Absolute
,-14.636,,0.178,,8,M18,UV,kpc,Absolute
,-13.874,,0.697,,8,M18,UV,kpc,Absolute
,-14.698,,0.277,,8,M18,UV,kpc,Absolute
,-13.585,,0.290,,8,M18,UV,kpc,Absolute
,-12.630,,0.423,,8,M18,UV,kpc,Absolute
,-16.203,,0.173,,8,M18,UV,kpc,Absolute
,-13.854,,0.193,,8,M18,UV,kpc,Absolute
,-12.751,,0.417,,8,M18,UV,kpc,Absolute
,-13.465,,0.197,,8,M18,UV,kpc,Absolute
,-16.175,,0.118,,8,M18,UV,kpc,Absolute
,-16.538,,0.248,,8,M18,UV,kpc,Absolute
,-11.127,,0.686,,8,M18,UV,kpc,Absolute
,-12.485,,0.402,,8,M18,UV,kpc,Absolute
,-13.844,,0.511,,8,M18,UV,kpc,Absolute
,-11.431,,0.371,,8,M18,UV,kpc,Absolute
,-13.035,,0.316,,8,M18,UV,kpc,Absolute
,-13.656,,0.258,,8,M18,UV,kpc,Absolute
,-13.319,,0.037,,8,M18,UV,kpc,Absolute
,-14.239,,0.422,,8,M18,UV,kpc,Absolute
,-13.332,,0.150,,8,M18,UV,kpc,Absolute
,-13.893,,0.285,,8,M18,UV,kpc,Absolute
,-12.012,,0.155,,8,M18,UV,kpc,Absolute
,-13.573,,0.184,,8,M18,UV,kpc,Absolute
,-12.477,,0.512,,8,M18,UV,kpc,Absolute
,-13.024,,0.184,,8,M18,UV,kpc,Absolute
,-14.274,,0.254,,8,M18,UV,kpc,Absolute
,-13.792,,0.068,,8,M18,UV,kpc,Absolute
,-11.292,,0.170,,8,M18,UV,kpc,Absolute
,-12.828,,0.251,,8,M18,UV,kpc,Absolute
,-12.445,,0.041,,8,M18,UV,kpc,Absolute
,-11.213,,0.377,,8,M18,UV,kpc,Absolute
,-12.184,,0.208,,8,M18,UV,kpc,Absolute
,-14.869,,0.101,,8,M18,UV,kpc,Absolute
,-12.477,,0.531,,8,M18,UV,kpc,Absolute
,-13.331,,0.357,,8,M18,UV,kpc,Absolute
,-11.189,,0.130,,8,M18,UV,kpc,Absolute
,-13.446,,0.156,,8,M18,UV,kpc,Absolute
,-14.151,,0.033,,8,M18,UV,kpc,Absolute
,-10.318,,0.211,,8,M18,UV,kpc,Absolute
,-11.859,,0.631,,8,M18,UV,kpc,Absolute
,-11.612,,0.301,,8,M18,UV,kpc,Absolute
,-11.164,,0.169,,8,M18,UV,kpc,Absolute
,-12.537,,0.327,,8,M18,UV,kpc,Absolute
,-10.923,,0.303,,8,M18,UV,kpc,Absolute
,-11.413,,0.366,,8,M18,UV,kpc,Absolute
,-10.637,,0.161,,8,M18,UV,kpc,Absolute
,-14.189,,0.013,,8,M18,UV,kpc,Absolute
,-10.292,,0.425,,8,M18,UV,kpc,Absolute
,-11.746,,0.183,,8,M18,UV,kpc,Absolute
,-11.130,,0.148,,8,M18,UV,kpc,Absolute
,-11.313,,0.458,,8,M18,UV,kpc,Absolute
,-18.272,,0.901,,8,M18,UV,kpc,Absolute
,-17.742,,0.732,,8,M18,UV,kpc,Absolute
,-18.361,,0.102,,8,M18,UV,kpc,Absolute
,-16.050,,0.563,,8,M18,UV,kpc,Absolute
,-16.572,,0.194,,8,M18,UV,kpc,Absolute
,-14.934,,0.376,,8,M18,UV,kpc,Absolute
,-14.873,,0.353,,8,M18,UV,kpc,Absolute
,-16.477,,0.105,,8,M18,UV,kpc,Absolute
,-15.248,,0.043,,8,M18,UV,kpc,Absolute
,-13.248,,0.227,,8,M18,UV,kpc,Absolute
,-13.732,,0.141,,8,M18,UV,kpc,Absolute
,-12.792,,0.384,,8,M18,UV,kpc,Absolute
,-14.523,,0.049,,8,M18,UV,kpc,Absolute
,-13.173,,0.772,,8,M18,UV,kpc,Absolute
,-12.927,,0.345,,8,M18,UV,kpc,Absolute
,-13.546,,0.097,,8,M18,UV,kpc,Absolute
,-13.303,,0.272,,8,M18,UV,kpc,Absolute
,-13.763,,0.192,,8,M18,UV,kpc,Absolute
,-12.826,,0.134,,8,M18,UV,kpc,Absolute
,-12.189,,0.236,,8,M18,UV,kpc,Absolute
,-14.473,,0.101,,8,M18,UV,kpc,Absolute
,-12.899,,0.031,,8,M18,UV,kpc,Absolute
,-13.638,,0.034,,8,M18,UV,kpc,Absolute
,-12.136,,0.159,,8,M18,UV,kpc,Absolute
,-10.949,,0.390,,8,M18,UV,kpc,Absolute
,-12.821,,0.228,,8,M18,UV,kpc,Absolute
,-12.198,,0.042,,8,M18,UV,kpc,Absolute
,-11.696,,0.711,,8,M18,UV,kpc,Absolute
,-17.248,,0.293,,8,M18,UV,kpc,Absolute
,-16.926,,0.528,,8,M18,UV,kpc,Absolute
,-16.956,,0.198,,8,M18,UV,kpc,Absolute
,-16.135,,0.194,,8,M18,UV,kpc,Absolute
,-15.852,,0.246,,8,M18,UV,kpc,Absolute
,-17.463,,0.108,,8,M18,UV,kpc,Absolute
,-15.660,,0.688,,8,M18,UV,kpc,Absolute
,-15.308,,0.032,,8,M18,UV,kpc,Absolute
,-14.560,,0.234,,8,M18,UV,kpc,Absolute
,-13.481,,0.204,,8,M18,UV,kpc,Absolute
,-14.267,,0.050,,8,M18,UV,kpc,Absolute
,-13.645,,0.088,,8,M18,UV,kpc,Absolute
,-11.459,,0.049,,8,M18,UV,kpc,Absolute
,-12.831,,0.047,,8,M18,UV,kpc,Absolute
,-14.128,,0.057,,8,M18,UV,kpc,Absolute
,-14.512,,0.055,,8,M18,UV,kpc,Absolute
,-12.828,,0.230,,8,M18,UV,kpc,Absolute
,-10.753,,0.275,,8,M18,UV,kpc,Absolute
,-14.904,,0.376,,8,M18,UV,kpc,Absolute
,-17.274,,0.487,,8,M18,UV,kpc,Absolute
,-15.650,,0.088,,8,M18,UV,kpc,Absolute
,-13.199,,0.532,,8,M18,UV,kpc,Absolute
,-13.282,,0.164,,8,M18,UV,kpc,Absolute
,-13.232,,0.214,,8,M18,UV,kpc,Absolute
,-11.374,,0.342,,8,M18,UV,kpc,Absolute
,-11.801,,0.368,,8,M18,UV,kpc,Absolute
,-15.707,,0.404,,8,M18,UV,kpc,Absolute
,-15.109,,0.593,,8,M18,UV,kpc,Absolute
,-14.512,,0.104,,8,M18,UV,kpc,Absolute
,-13.913,,0.395,,8,M18,UV,kpc,Absolute
,-14.438,,0.211,,8,M18,UV,kpc,Absolute
,-13.628,,0.300,,8,M18,UV,kpc,Absolute
,-13.671,,0.256,,8,M18,UV,kpc,Absolute
,-16.013,,0.369,,8,M18,UV,kpc,Absolute
,-13.203,,0.040,,8,M18,UV,kpc,Absolute
,-14.104,,0.190,,8,M18,UV,kpc,Absolute
,-12.365,,0.274,,8,M18,UV,kpc,Absolute
,-11.025,,0.474,,8,M18,UV,kpc,Absolute
,-11.908,,0.216,,8,M18,UV,kpc,Absolute
,-9.621,,0.355,,8,M18,UV,kpc,Absolute
,-9.479,,0.087,,8,M18,UV,kpc,Absolute
,-10.905,,0.111,,8,M18,UV,kpc,Absolute
,-12.691,,0.172,,8,M18,UV,kpc,Absolute
,-11.902,,0.170,,8,M18,UV,kpc,Absolute
,-8.406,,0.114,,8,M18,UV,kpc,Absolute
,-9.334,,0.291,,8,M18,UV,kpc,Absolute
,-14.327,,0.215,,8,M18,UV,kpc,Absolute
,-12.526,,0.162,,8,M18,UV,kpc,Absolute
,-13.181,,0.046,,8,M18,UV,kpc,Absolute
,-13.248,,0.552,,8,M18,UV,kpc,Absolute
,-13.319,,0.165,,8,M18,UV,kpc,Absolute
,-12.596,,0.218,,8,M18,UV,kpc,Absolute
,-11.950,,0.433,,8,M18,UV,kpc,Absolute
,-11.252,,0.125,,8,M18,UV,kpc,Absolute
,-10.498,,0.452,,8,M18,UV,kpc,Absolute
,-8.576,,0.209,,8,M18,UV,kpc,Absolute
,-14.636,,0.299,,8,M18,UV,kpc,Absolute
,-13.081,,0.744,,8,M18,UV,kpc,Absolute
,-12.884,,0.217,,8,M18,UV,kpc,Absolute
,-14.287,,0.074,,8,M18,UV,kpc,Absolute
,-12.767,,0.515,,8,M18,UV,kpc,Absolute
,-10.635,,0.042,,8,M18,UV,kpc,Absolute
,-10.607,,0.076,,8,M18,UV,kpc,Absolute
,-10.453,,0.066,,8,M18,UV,kpc,Absolute
,-8.913,,0.379,,8,M18,UV,kpc,Absolute
,-11.628,,0.218,,8,M18,UV,kpc,Absolute
,-8.636,,0.140,,8,M18,UV,kpc,Absolute
,-10.801,,0.126,,8,M18,UV,kpc,Absolute
,-13.099,,0.263,,8,M18,UV,kpc,Absolute
,-11.732,,0.467,,8,M18,UV,kpc,Absolute
,-10.834,,0.253,,8,M18,UV,kpc,Absolute
,-10.182,,0.273,,8,M18,UV,kpc,Absolute
,-10.124,,0.102,,8,M18,UV,kpc,Absolute
,-11.247,,0.415,,8,M18,UV,kpc,Absolute
,-10.167,,0.199,,8,M18,UV,kpc,Absolute
,-10.831,,0.162,,8,M18,UV,kpc,Absolute
,-11.263,,0.269,,8,M18,UV,kpc,Absolute
,-12.742,,0.071,,8,M18,UV,kpc,Absolute
,-9.712,,0.247,,8,M18,UV,kpc,Absolute
,-12.580,,0.025,,8,M18,UV,kpc,Absolute
,-11.441,,0.086,,8,M18,UV,kpc,Absolute
,-8.265,,0.386,,8,M18,UV,kpc,Absolute
,-11.774,,0.256,,8,M18,UV,kpc,Absolute
,-12.477,,0.157,,8,M18,UV,kpc,Absolute
,-11.681,,0.115,,8,M18,UV,kpc,Absolute
,-10.690,,0.378,,8,M18,UV,kpc,Absolute
,-10.369,,0.408,,8,M18,UV,kpc,Absolute
,-9.539,,0.231,,8,M18,UV,kpc,Absolute
,-10.089,,0.315,,8,M18,UV,kpc,Absolute
,-10.502,,0.143,,8,M18,UV,kpc,Absolute
,-11.130,,0.257,,8,M18,UV,kpc,Absolute
,-11.125,,0.593,,8,M18,UV,kpc,Absolute
,-11.374,,0.053,,8,M18,UV,kpc,Absolute
,-13.884,,0.173,,8,M18,UV,kpc,Absolute
,-9.581,,0.366,,8,M18,UV,kpc,Absolute
,-9.544,,0.194,,8,M18,UV,kpc,Absolute
,-9.396,,0.276,,8,M18,UV,kpc,Absolute
,-7.404,,0.200,,8,M18,UV,kpc,Absolute
,-12.131,,0.121,,8,M18,UV,kpc,Absolute
,-8.781,,0.015,,8,M18,UV,kpc,Absolute
,-7.557,,0.104,,8,M18,UV,kpc,Absolute
,-9.517,,0.108,,8,M18,UV,kpc,Absolute
,-18.650,,0.477,,9,M18,UV,kpc,Absolute
,-17.243,,0.391,,9,M18,UV,kpc,Absolute
,-15.462,,0.532,,9,M18,UV,kpc,Absolute
,-17.151,,0.567,,9,M18,UV,kpc,Absolute
,-15.692,,0.164,,9,M18,UV,kpc,Absolute
,-15.647,,0.326,,9,M18,UV,kpc,Absolute
,-16.052,,0.231,,9,M18,UV,kpc,Absolute
,-15.633,,0.189,,9,M18,UV,kpc,Absolute
,-14.334,,0.548,,9,M18,UV,kpc,Absolute
,-14.974,,0.318,,9,M18,UV,kpc,Absolute
,-13.424,,0.466,,9,M18,UV,kpc,Absolute
,-12.815,,0.250,,9,M18,UV,kpc,Absolute
,-14.112,,0.532,,9,M18,UV,kpc,Absolute
,-13.864,,0.220,,9,M18,UV,kpc,Absolute
,-11.865,,0.429,,9,M18,UV,kpc,Absolute
,-13.643,,0.368,,9,M18,UV,kpc,Absolute
,-15.522,,0.145,,9,M18,UV,kpc,Absolute
,-15.374,,0.277,,9,M18,UV,kpc,Absolute
,-12.844,,0.298,,9,M18,UV,kpc,Absolute
,-12.495,,0.378,,9,M18,UV,kpc,Absolute
,-13.959,,0.191,,9,M18,UV,kpc,Absolute
,-15.300,,0.086,,9,M18,UV,kpc,Absolute
,-12.872,,0.345,,9,M18,UV,kpc,Absolute
,-12.304,,0.394,,9,M18,UV,kpc,Absolute
,-13.668,,0.267,,9,M18,UV,kpc,Absolute
,-14.021,,0.112,,9,M18,UV,kpc,Absolute
,-13.464,,0.137,,9,M18,UV,kpc,Absolute
,-13.690,,0.118,,9,M18,UV,kpc,Absolute
,-13.823,,0.233,,9,M18,UV,kpc,Absolute
,-11.944,,0.373,,9,M18,UV,kpc,Absolute
,-14.415,,0.371,,9,M18,UV,kpc,Absolute
,-11.302,,0.326,,9,M18,UV,kpc,Absolute
,-11.313,,0.229,,9,M18,UV,kpc,Absolute
,-13.913,,0.022,,9,M18,UV,kpc,Absolute
,-13.024,,0.078,,9,M18,UV,kpc,Absolute
,-12.844,,0.517,,9,M18,UV,kpc,Absolute
,-13.977,,0.335,,9,M18,UV,kpc,Absolute
,-12.488,,0.131,,9,M18,UV,kpc,Absolute
,-14.646,,0.152,,9,M18,UV,kpc,Absolute
,-11.979,,0.529,,9,M18,UV,kpc,Absolute
,-11.979,,0.185,,9,M18,UV,kpc,Absolute
,-14.096,,0.240,,9,M18,UV,kpc,Absolute
,-12.906,,0.059,,9,M18,UV,kpc,Absolute
,-13.282,,0.187,,9,M18,UV,kpc,Absolute
,-11.821,,0.522,,9,M18,UV,kpc,Absolute
,-13.459,,0.092,,9,M18,UV,kpc,Absolute
,-11.413,,0.125,,9,M18,UV,kpc,Absolute
,-15.009,,0.081,,9,M18,UV,kpc,Absolute
,-10.836,,0.315,,9,M18,UV,kpc,Absolute
,-12.023,,0.253,,9,M18,UV,kpc,Absolute
,-12.175,,0.686,,9,M18,UV,kpc,Absolute
,-11.450,,0.261,,9,M18,UV,kpc,Absolute
,-12.773,,0.299,,9,M18,UV,kpc,Absolute
,-10.885,,0.232,,9,M18,UV,kpc,Absolute
,-11.197,,0.128,,9,M18,UV,kpc,Absolute
,-17.583,,0.492,,9,M18,UV,kpc,Absolute
,-19.013,,0.466,,9,M18,UV,kpc,Absolute
,-15.396,,0.117,,9,M18,UV,kpc,Absolute
,-14.967,,0.246,,9,M18,UV,kpc,Absolute
,-15.861,,0.271,,9,M18,UV,kpc,Absolute
,-12.116,,0.249,,9,M18,UV,kpc,Absolute
,-12.456,,0.025,,9,M18,UV,kpc,Absolute
,-15.099,,0.153,,9,M18,UV,kpc,Absolute
,-14.203,,0.260,,9,M18,UV,kpc,Absolute
,-11.711,,0.425,,9,M18,UV,kpc,Absolute
,-14.877,,0.098,,9,M18,UV,kpc,Absolute
,-12.274,,0.322,,9,M18,UV,kpc,Absolute
,-11.961,,0.224,,9,M18,UV,kpc,Absolute
,-11.689,,0.319,,9,M18,UV,kpc,Absolute
,-13.020,,0.023,,9,M18,UV,kpc,Absolute
,-10.326,,0.311,,9,M18,UV,kpc,Absolute
,-10.415,,0.191,,9,M18,UV,kpc,Absolute
,-11.689,,0.293,,9,M18,UV,kpc,Absolute
,-12.485,,0.236,,9,M18,UV,kpc,Absolute
,-18.491,,0.265,,9,M18,UV,kpc,Absolute
,-15.786,,0.250,,9,M18,UV,kpc,Absolute
,-15.300,,0.295,,9,M18,UV,kpc,Absolute
,-15.593,,0.121,,9,M18,UV,kpc,Absolute
,-16.151,,0.543,,9,M18,UV,kpc,Absolute
,-14.616,,0.186,,9,M18,UV,kpc,Absolute
,-14.684,,0.240,,9,M18,UV,kpc,Absolute
,-14.080,,0.218,,9,M18,UV,kpc,Absolute
,-13.276,,0.081,,9,M18,UV,kpc,Absolute
,-12.170,,0.632,,9,M18,UV,kpc,Absolute
,-12.221,,0.250,,9,M18,UV,kpc,Absolute
,-12.481,,0.397,,9,M18,UV,kpc,Absolute
,-18.708,,0.166,,9,M18,UV,kpc,Absolute
,-15.357,,0.302,,9,M18,UV,kpc,Absolute
,-15.562,,0.115,,9,M18,UV,kpc,Absolute
,-14.571,,0.030,,9,M18,UV,kpc,Absolute
,-12.767,,0.469,,9,M18,UV,kpc,Absolute
,-13.181,,0.076,,9,M18,UV,kpc,Absolute
,-13.210,,0.257,,9,M18,UV,kpc,Absolute
,-16.604,,0.406,,9,M18,UV,kpc,Absolute
,-17.655,,0.222,,9,M18,UV,kpc,Absolute
,-13.235,,0.022,,9,M18,UV,kpc,Absolute
,-10.662,,0.335,,9,M18,UV,kpc,Absolute
,-15.543,,0.123,,9,M18,UV,kpc,Absolute
,-16.245,,0.079,,9,M18,UV,kpc,Absolute
,-11.120,,0.223,,9,M18,UV,kpc,Absolute
,-9.892,,0.142,,9,M18,UV,kpc,Absolute
,-13.263,,0.184,,9,M18,UV,kpc,Absolute
,-11.774,,0.473,,9,M18,UV,kpc,Absolute
,-9.196,,0.182,,9,M18,UV,kpc,Absolute
,-11.403,,0.089,,9,M18,UV,kpc,Absolute
,-12.380,,0.036,,9,M18,UV,kpc,Absolute
,-8.287,,0.103,,9,M18,UV,kpc,Absolute
,-8.823,,0.117,,9,M18,UV,kpc,Absolute
,-10.286,,0.173,,9,M18,UV,kpc,Absolute
,-9.104,,0.150,,9,M18,UV,kpc,Absolute
,-12.239,,0.304,,9,M18,UV,kpc,Absolute
,-11.787,,0.584,,9,M18,UV,kpc,Absolute
,-11.814,,0.192,,9,M18,UV,kpc,Absolute
,-13.377,,0.032,,9,M18,UV,kpc,Absolute
,-11.032,,0.221,,9,M18,UV,kpc,Absolute
,-11.859,,0.020,,9,M18,UV,kpc,Absolute
,-12.407,,0.045,,9,M18,UV,kpc,Absolute
,-11.302,,0.238,,9,M18,UV,kpc,Absolute
,-9.260,,0.331,,9,M18,UV,kpc,Absolute
,-12.081,,0.147,,9,M18,UV,kpc,Absolute
,-9.967,,0.100,,9,M18,UV,kpc,Absolute
,-10.613,,0.235,,9,M18,UV,kpc,Absolute
,-9.359,,0.212,,9,M18,UV,kpc,Absolute
,-14.327,,0.120,,9,M18,UV,kpc,Absolute
,-14.181,,0.361,,9,M18,UV,kpc,Absolute
,-13.418,,0.227,,9,M18,UV,kpc,Absolute
,-13.230,,0.097,,9,M18,UV,kpc,Absolute
,-12.996,,0.162,,9,M18,UV,kpc,Absolute
,-10.921,,0.008,,9,M18,UV,kpc,Absolute
,-9.849,,0.478,,9,M18,UV,kpc,Absolute
,-10.194,,0.384,,9,M18,UV,kpc,Absolute
,-9.730,,0.121,,9,M18,UV,kpc,Absolute
,-10.050,,0.122,,9,M18,UV,kpc,Absolute
,-13.378,,0.102,,9,M18,UV,kpc,Absolute
,-12.849,,0.064,,9,M18,UV,kpc,Absolute
,-12.396,,0.167,,9,M18,UV,kpc,Absolute
,-11.150,,0.315,,9,M18,UV,kpc,Absolute
,-8.823,,0.110,,9,M18,UV,kpc,Absolute
,-9.038,,0.250,,9,M18,UV,kpc,Absolute
,-11.384,,0.072,,9,M18,UV,kpc,Absolute
,-8.355,,0.309,,9,M18,UV,kpc,Absolute
,-13.009,,0.236,,9,M18,UV,kpc,Absolute
,-8.467,,0.277,,9,M18,UV,kpc,Absolute
,-11.323,,0.155,,9,M18,UV,kpc,Absolute
,-11.588,,0.088,,9,M18,UV,kpc,Absolute
,-13.499,,0.216,,9,M18,UV,kpc,Absolute
,-11.865,,0.475,,9,M18,UV,kpc,Absolute
,-15.455,,0.106,,9,M18,UV,kpc,Absolute
,-11.179,,0.079,,9,M18,UV,kpc,Absolute
,-12.312,,0.117,,9,M18,UV,kpc,Absolute
,-8.766,,0.082,,9,M18,UV,kpc,Absolute
,-8.397,,0.172,,9,M18,UV,kpc,Absolute
,-10.152,,0.093,,9,M18,UV,kpc,Absolute
,-19.586,,0.604,,10,M18,UV,kpc,Absolute
,-18.234,,0.521,,10,M18,UV,kpc,Absolute
,-17.248,,0.151,,10,M18,UV,kpc,Absolute
,-17.316,,0.127,,10,M18,UV,kpc,Absolute
,-15.863,,0.047,,10,M18,UV,kpc,Absolute
,-14.512,,0.240,,10,M18,UV,kpc,Absolute
,-13.336,,0.454,,10,M18,UV,kpc,Absolute
,-16.292,,0.091,,10,M18,UV,kpc,Absolute
,-16.944,,0.221,,10,M18,UV,kpc,Absolute
,-17.086,,0.268,,10,M18,UV,kpc,Absolute
,-15.112,,0.130,,10,M18,UV,kpc,Absolute
,-15.658,,0.140,,10,M18,UV,kpc,Absolute
,-14.665,,0.354,,10,M18,UV,kpc,Absolute
,-13.756,,0.020,,10,M18,UV,kpc,Absolute
,-15.690,,0.147,,10,M18,UV,kpc,Absolute
,-15.637,,0.081,,10,M18,UV,kpc,Absolute
,-14.038,,0.079,,10,M18,UV,kpc,Absolute
,-16.834,,0.203,,10,M18,UV,kpc,Absolute
,-13.383,,0.097,,10,M18,UV,kpc,Absolute
,-13.529,,0.476,,10,M18,UV,kpc,Absolute
,-14.506,,0.056,,10,M18,UV,kpc,Absolute
,-13.594,,0.142,,10,M18,UV,kpc,Absolute
,-15.446,,0.170,,10,M18,UV,kpc,Absolute
,-13.668,,0.117,,10,M18,UV,kpc,Absolute
,-14.166,,0.067,,10,M18,UV,kpc,Absolute
,-13.622,,0.192,,10,M18,UV,kpc,Absolute
,-12.932,,0.300,,10,M18,UV,kpc,Absolute
,-14.646,,0.057,,10,M18,UV,kpc,Absolute
,-13.540,,0.055,,10,M18,UV,kpc,Absolute
,-13.372,,0.095,,10,M18,UV,kpc,Absolute
,-10.535,,0.362,,10,M18,UV,kpc,Absolute
,-10.567,,0.542,,10,M18,UV,kpc,Absolute
,-13.650,,0.205,,10,M18,UV,kpc,Absolute
,-11.938,,0.447,,10,M18,UV,kpc,Absolute
,-12.071,,0.364,,10,M18,UV,kpc,Absolute
,-12.111,,0.140,,10,M18,UV,kpc,Absolute
,-11.334,,0.314,,10,M18,UV,kpc,Absolute
,-13.117,,0.282,,10,M18,UV,kpc,Absolute
,-14.606,,0.216,,10,M18,UV,kpc,Absolute
,-12.423,,0.400,,10,M18,UV,kpc,Absolute
,-18.011,,0.390,,10,M18,UV,kpc,Absolute
,-18.037,,0.190,,10,M18,UV,kpc,Absolute
,-15.396,,0.561,,10,M18,UV,kpc,Absolute
,-13.449,,0.360,,10,M18,UV,kpc,Absolute
,-13.127,,0.121,,10,M18,UV,kpc,Absolute
,-13.813,,0.192,,10,M18,UV,kpc,Absolute
,-15.639,,0.075,,10,M18,UV,kpc,Absolute
,-13.695,,0.374,,10,M18,UV,kpc,Absolute
,-12.547,,0.260,,10,M18,UV,kpc,Absolute
,-11.760,,0.299,,10,M18,UV,kpc,Absolute
,-14.432,,0.064,,10,M18,UV,kpc,Absolute
,-19.189,,0.318,,10,M18,UV,kpc,Absolute
,-14.857,,0.281,,10,M18,UV,kpc,Absolute
,-14.877,,0.093,,10,M18,UV,kpc,Absolute
,-15.164,,0.217,,10,M18,UV,kpc,Absolute
,-14.189,,0.153,,10,M18,UV,kpc,Absolute
,-14.945,,0.175,,10,M18,UV,kpc,Absolute
,-13.802,,0.242,,10,M18,UV,kpc,Absolute
,-11.938,,0.199,,10,M18,UV,kpc,Absolute
,-14.267,,0.023,,10,M18,UV,kpc,Absolute
,-14.225,,0.100,,10,M18,UV,kpc,Absolute
,-10.977,,0.129,,10,M18,UV,kpc,Absolute
,-14.080,,0.161,,10,M18,UV,kpc,Absolute
,-14.072,,0.216,,10,M18,UV,kpc,Absolute
,-12.380,,0.234,,10,M18,UV,kpc,Absolute
,-17.881,,0.124,,10,M18,UV,kpc,Absolute
,-11.538,,0.398,,10,M18,UV,kpc,Absolute
,-13.719,,0.229,,10,M18,UV,kpc,Absolute
,-12.345,,0.435,,10,M18,UV,kpc,Absolute
,-15.256,,0.115,,10,M18,UV,kpc,Absolute
,-15.053,,0.186,,10,M18,UV,kpc,Absolute
,-14.218,,0.186,,10,M18,UV,kpc,Absolute
,-12.828,,0.245,,10,M18,UV,kpc,Absolute
,-12.876,,0.264,,10,M18,UV,kpc,Absolute
,-14.816,,0.182,,10,M18,UV,kpc,Absolute
,-11.173,,0.210,,10,M18,UV,kpc,Absolute
,-9.756,,0.141,,10,M18,UV,kpc,Absolute
,-10.200,,0.189,,10,M18,UV,kpc,Absolute
,-12.593,,0.068,,10,M18,UV,kpc,Absolute
,-9.143,,0.081,,10,M18,UV,kpc,Absolute
,-10.543,,0.121,,10,M18,UV,kpc,Absolute
,-8.874,,0.258,,10,M18,UV,kpc,Absolute
,-14.426,,0.269,,10,M18,UV,kpc,Absolute
,-12.941,,0.174,,10,M18,UV,kpc,Absolute
,-12.361,,0.143,,10,M18,UV,kpc,Absolute
,-13.168,,0.060,,10,M18,UV,kpc,Absolute
,-11.840,,0.268,,10,M18,UV,kpc,Absolute
,-9.517,,0.234,,10,M18,UV,kpc,Absolute
,-11.926,,0.089,,10,M18,UV,kpc,Absolute
,-10.073,,0.266,,10,M18,UV,kpc,Absolute
,-12.001,,0.050,,10,M18,UV,kpc,Absolute
,-9.616,,0.247,,10,M18,UV,kpc,Absolute
,-13.874,,0.240,,10,M18,UV,kpc,Absolute
,-12.071,,0.490,,10,M18,UV,kpc,Absolute
,-11.143,,0.385,,10,M18,UV,kpc,Absolute
,-12.492,,0.140,,10,M18,UV,kpc,Absolute
,-12.516,,0.024,,10,M18,UV,kpc,Absolute
,-8.391,,0.272,,10,M18,UV,kpc,Absolute
,-13.734,,0.068,,10,M18,UV,kpc,Absolute
,-11.174,,0.082,,10,M18,UV,kpc,Absolute
,-9.112,,0.334,,10,M18,UV,kpc,Absolute
,-9.985,,0.241,,10,M18,UV,kpc,Absolute
,-9.873,,0.320,,10,M18,UV,kpc,Absolute
,-10.214,,0.234,,10,M18,UV,kpc,Absolute
,-11.431,,0.287,,10,M18,UV,kpc,Absolute
,-8.624,,0.195,,10,M18,UV,kpc,Absolute
,-11.138,,0.170,,10,M18,UV,kpc,Absolute
,-14.225,,0.048,,10,M18,UV,kpc,Absolute
,-10.716,,0.000,,10,M18,UV,kpc,Absolute
,-12.269,,0.366,,10,M18,UV,kpc,Absolute
,-11.422,,0.195,,10,M18,UV,kpc,Absolute
,-9.327,,0.058,,10,M18,UV,kpc,Absolute
,-9.586,,0.175,,10,M18,UV,kpc,Absolute
,-22.6,,0.18,,10.0,MO18,H,arcsec,Absolute
,-20.7,,0.17,,8.8,MO18,H,arcsec,Absolute
,-21.8,,0.16,,9.0,MO18,H,arcsec,Absolute
,-21.73,,0.45,,8.0,B19,UV,kpc,Absolute
,-21.80,,1.07,,7.8,B19,UV,kpc,Absolute
,-21.82,,0.21,,7.1,B19,UV,kpc,Absolute
,-21.79,,0.79,,8.0,B19,UV,kpc,Absolute
,-21.83,,0.23,,7.7,B19,UV,kpc,Absolute
,-21.64,,0.66,,7.6,B19,UV,kpc,Absolute
,-22.1,,0.6,,11.09,O16,H,kpc,Absolute
,26.7,,0.75,,9.9,S18,H,kpc,Apparent
,-21.8,,0.65,,10,H20,UV,kpc,Absolute
,-20.8,,0.8,,10,H20,UV,kpc,Absolute
,-20.7,,0.62,,10,H20,UV,kpc,Absolute
,-20.65,,0.5,,10,H20,UV,kpc,Absolute
,-20.6,,0.4,,10,H20,UV,kpc,Absolute
,-17.55,,0.35,,10,H20,UV,kpc,Absolute
,-17.45,,0.5,,10,H20,UV,kpc,Absolute
